reward_function,seed,trial,episode,total_reward
Slotted Jerk,3,0,0,-26.455090774876375
Slotted Jerk,3,0,1,-20.34212068905582
Slotted Jerk,3,0,2,-24.979850840193052
Slotted Jerk,3,0,3,-2671.110042922023
Slotted Jerk,3,0,4,-20.03367355453599
Slotted Jerk,3,0,5,-27.391014576787732
Slotted Jerk,3,0,6,-23.438845473695366
Slotted Jerk,3,0,7,7.384352156908841
Slotted Jerk,3,0,8,-20.360019957751785
Slotted Jerk,3,0,9,-2.1950342854303013
Slotted Jerk,3,0,10,-2586.7474675168496
Slotted Jerk,3,0,11,-22.69111595096836
Slotted Jerk,3,0,12,-23.009281551285056
Slotted Jerk,3,0,13,-19.626603808638304
Slotted Jerk,3,0,14,-20.724603343426246
Slotted Jerk,3,0,15,-23.18062764370179
Slotted Jerk,3,0,16,-2012.6994872917478
Slotted Jerk,3,0,17,-8.551390036790323
Slotted Jerk,3,0,18,-19.45268882205814
Slotted Jerk,3,0,19,-8.997439278251512
Slotted Jerk,3,0,20,-7.970509208092512
Slotted Jerk,3,0,21,-19.897455881050956
Slotted Jerk,3,0,22,-20.43104417255653
Slotted Jerk,3,0,23,-19.166739313078082
Slotted Jerk,3,0,24,-2992.680476461975
Slotted Jerk,3,0,25,-0.13966454472598144
Slotted Jerk,3,0,26,-24.751572773427327
Slotted Jerk,3,0,27,-53.28548596224529
Slotted Jerk,3,0,28,-9.976070743198537
Slotted Jerk,3,0,29,-19.222116561437236
Slotted Jerk,3,0,30,-2525.8408541594126
Slotted Jerk,3,0,31,-21.027762489404385
Slotted Jerk,3,0,32,-7.49216776299847
Slotted Jerk,3,0,33,7.403841752041131
Slotted Jerk,3,0,34,-10.109331392274353
Slotted Jerk,3,0,35,-36.33248654294432
Slotted Jerk,3,0,36,-9.175988498825074
Slotted Jerk,3,0,37,-7.794047419712847
Slotted Jerk,3,0,38,-22.73209420267021
Slotted Jerk,3,0,39,-26.4615831693865
Slotted Jerk,3,0,40,-8.079950565281944
Slotted Jerk,3,0,41,-22.500305812364836
Slotted Jerk,3,0,42,-27.609305938952005
Slotted Jerk,3,0,43,-7.838377434959643
Slotted Jerk,3,0,44,7.832984436972339
Slotted Jerk,3,0,45,7.75869489081502
Slotted Jerk,3,0,46,-7.376920147446938
Slotted Jerk,3,0,47,-19.711819264567847
Slotted Jerk,3,0,48,-1695.8634538697968
Slotted Jerk,3,0,49,-19.641700712331698
Slotted Jerk,3,0,50,-20.907799056808795
Slotted Jerk,3,0,51,-26.95973815549015
Slotted Jerk,3,0,52,-24.38845948011707
Slotted Jerk,3,0,53,-23.181166531198606
Slotted Jerk,3,0,54,-20.512718374787532
Slotted Jerk,3,0,55,-20.437298934229556
Slotted Jerk,3,0,56,-27.286256840107043
Slotted Jerk,3,0,57,-12.350422532599008
Slotted Jerk,3,0,58,-27.13155649712988
Slotted Jerk,3,0,59,-8.17639731234895
Slotted Jerk,3,0,60,-23.976239947002732
Slotted Jerk,3,0,61,-26.177281885523612
Slotted Jerk,3,0,62,-20.29344346949669
Slotted Jerk,3,0,63,-24.678551231144375
Slotted Jerk,3,0,64,4.349874501633026
Slotted Jerk,3,0,65,-24.153340473234408
Slotted Jerk,3,0,66,-23.896531667199092
Slotted Jerk,3,0,67,-7.493441126333071
Slotted Jerk,3,0,68,-734.2013218603944
Slotted Jerk,3,0,69,-19.285113724483175
Slotted Jerk,3,0,70,-7.760288154947155
Slotted Jerk,3,0,71,-21.439890095629735
Slotted Jerk,3,0,72,-23.728173982606762
Slotted Jerk,3,0,73,-24.10065843481825
Slotted Jerk,3,0,74,-19.168969735963955
Slotted Jerk,3,0,75,-1301.6295759645798
Slotted Jerk,3,0,76,-22.82992590550767
Slotted Jerk,3,0,77,-19.211605149450758
Slotted Jerk,3,0,78,-7.494173660663769
Slotted Jerk,3,0,79,-20.560296554804204
Slotted Jerk,3,0,80,-8.33432910852088
Slotted Jerk,3,0,81,-19.161290260038964
Slotted Jerk,3,0,82,-1896.2676132952972
Slotted Jerk,3,0,83,-8.011013901957444
Slotted Jerk,3,0,84,-24.79312082272061
Slotted Jerk,3,0,85,-19.764717208255934
Slotted Jerk,3,0,86,-19.523140923384183
Slotted Jerk,3,0,87,-7.585062025587185
Slotted Jerk,3,0,88,-441.0685851080612
Slotted Jerk,3,0,89,-11.18556689881392
Slotted Jerk,3,0,90,7.790256933122873
Slotted Jerk,3,0,91,3.4737147453705326
Slotted Jerk,3,0,92,-12.429570284680985
Slotted Jerk,3,0,93,-77.85005312776448
Slotted Jerk,3,0,94,7.440210003766354
Slotted Jerk,3,0,95,-26.647657003280052
Slotted Jerk,3,0,96,-20.186958713027053
Slotted Jerk,3,0,97,-7.500047535400434
Slotted Jerk,3,0,98,-21.42548213065847
Slotted Jerk,3,0,99,-23.060000000000265
Slotted Jerk,3,0,100,-23.731835842750577
Slotted Jerk,3,0,101,-9.890564747477622
Slotted Jerk,3,0,102,-23.13413576419717
Slotted Jerk,3,0,103,-26.24974677651136
Slotted Jerk,3,0,104,-32.22961322508623
Slotted Jerk,3,0,105,-24.337172720728063
Slotted Jerk,3,0,106,4.8282258235403175
Slotted Jerk,3,0,107,-1331.2748281787476
Slotted Jerk,3,0,108,-22.649816309094867
Slotted Jerk,3,0,109,-22.49613640783901
Slotted Jerk,3,0,110,3.4977697247157495
Slotted Jerk,3,0,111,-119.09120970879707
Slotted Jerk,3,0,112,-13.27448102631082
Slotted Jerk,3,0,113,-18.52105771589103
Slotted Jerk,3,0,114,2.7819228357691204
Slotted Jerk,3,0,115,-19.185715933107232
Slotted Jerk,3,0,116,-26.495086314962087
Slotted Jerk,3,0,117,-19.184408798004945
Slotted Jerk,3,0,118,-8.166742674985123
Slotted Jerk,3,0,119,-24.76152081167347
Slotted Jerk,3,0,120,4.0167354939239
Slotted Jerk,3,0,121,-20.95325078140007
Slotted Jerk,3,0,122,-6.854724329737127
Slotted Jerk,3,0,123,-7.806424451166841
Slotted Jerk,3,0,124,-260.70618932408547
Slotted Jerk,3,0,125,-20.54269169866824
Slotted Jerk,3,0,126,-22.908188982778874
Slotted Jerk,3,0,127,-19.97308530834805
Slotted Jerk,3,0,128,6.3752411833608456
Slotted Jerk,3,0,129,-3.970363460976788
Slotted Jerk,3,0,130,-21.751896197628717
Slotted Jerk,3,0,131,-19.151866762190913
Slotted Jerk,3,0,132,-24.758623270437397
Slotted Jerk,3,0,133,3.8391753672595605
Slotted Jerk,3,0,134,-23.03235538584542
Slotted Jerk,3,0,135,-1.4069723931846525
Slotted Jerk,3,0,136,-4.894051805234827
Slotted Jerk,3,0,137,-25.47981936951883
Slotted Jerk,3,0,138,4.3491417101791985
Slotted Jerk,3,0,139,-12.723484366132041
Slotted Jerk,3,0,140,-8.199914481256126
Slotted Jerk,3,0,141,-24.045780429839873
Slotted Jerk,3,0,142,-26.99890508197737
Slotted Jerk,3,0,143,-1620.0146459049088
Slotted Jerk,3,0,144,-0.5737410559706486
Slotted Jerk,3,0,145,-73.3972609317568
Slotted Jerk,3,0,146,-110.63334800584687
Slotted Jerk,3,0,147,-24.33405852903318
Slotted Jerk,3,0,148,-27.52738104546694
Slotted Jerk,3,0,149,-19.25179237989621
Slotted Jerk,3,0,150,-7.404474608250119
Slotted Jerk,3,0,151,-26.915812607330423
Slotted Jerk,3,0,152,-7.419234413485203
Slotted Jerk,3,0,153,-21.381249914092184
Slotted Jerk,3,0,154,-19.163733704893446
Slotted Jerk,3,0,155,-21.075752127942195
Slotted Jerk,3,0,156,-1.9934737530524487
Slotted Jerk,3,0,157,-19.9231501211512
Slotted Jerk,3,0,158,-25.332736893948343
Slotted Jerk,3,0,159,-19.99971685854588
Slotted Jerk,3,0,160,-10.797895425115208
Slotted Jerk,3,0,161,-22.467445007201434
Slotted Jerk,3,0,162,-19.441973868188917
Slotted Jerk,3,0,163,-10.261465561326087
Slotted Jerk,3,0,164,-23.060000000000265
Slotted Jerk,3,0,165,-22.330093643560495
Slotted Jerk,3,0,166,-11.040287398307687
Slotted Jerk,3,0,167,-19.715167319415414
Slotted Jerk,3,0,168,-7.632351734598533
Slotted Jerk,3,0,169,-26.60335187792289
Slotted Jerk,3,0,170,-25.041001105828194
Slotted Jerk,3,0,171,6.9939619811371205
Slotted Jerk,3,0,172,-31.090105036784465
Slotted Jerk,3,0,173,5.6102241327187645
Slotted Jerk,3,0,174,-26.810616352066795
Slotted Jerk,3,0,175,-8.04607974266095
Slotted Jerk,3,0,176,-7.387357207071037
Slotted Jerk,3,0,177,-25.312081283990963
Slotted Jerk,3,0,178,-23.035898021719987
Slotted Jerk,3,0,179,-24.008181386042992
Slotted Jerk,3,0,180,-20.60630144359668
Slotted Jerk,3,0,181,-19.5608028654744
Slotted Jerk,3,0,182,2.903715022087522
Slotted Jerk,3,0,183,-27.738542255219606
Slotted Jerk,3,0,184,-8.949999999999932
Slotted Jerk,3,0,185,-12.343175598334756
Slotted Jerk,3,0,186,-21.48039096299279
Slotted Jerk,3,0,187,-19.744973532147267
Slotted Jerk,3,0,188,-22.395336338688757
Slotted Jerk,3,0,189,6.858583793168696
Slotted Jerk,3,0,190,7.757367031252189
Slotted Jerk,3,0,191,-203.90369519145722
Slotted Jerk,3,0,192,-27.033347281261044
Slotted Jerk,3,0,193,-19.20169791716946
Slotted Jerk,3,0,194,-19.891839244186112
Slotted Jerk,3,0,195,-12.12981943491042
Slotted Jerk,3,0,196,-20.33874411909058
Slotted Jerk,3,0,197,-19.135262527107912
Slotted Jerk,3,0,198,-24.82887512891346
Slotted Jerk,3,0,199,-2374.248803317206
Slotted Jerk,3,0,200,-23.320038841841246
Slotted Jerk,3,0,201,-24.096131776584862
Slotted Jerk,3,0,202,-2923.504220268546
Slotted Jerk,3,0,203,-19.16778271285807
Slotted Jerk,3,0,204,-896.697126124849
Slotted Jerk,3,0,205,-22.520073828921277
Slotted Jerk,3,0,206,-20.85812627840967
Slotted Jerk,3,0,207,-26.754041687888723
Slotted Jerk,3,0,208,-24.421241549308654
Slotted Jerk,3,0,209,-288.47488066563176
Slotted Jerk,3,0,210,7.737924739383816
Slotted Jerk,3,0,211,-19.13259166002379
Slotted Jerk,3,0,212,-4.436938505429772
Slotted Jerk,3,0,213,-22.187398807585822
Slotted Jerk,3,0,214,-26.59044807678454
Slotted Jerk,3,0,215,-19.262801853025604
Slotted Jerk,3,0,216,-26.7639050202242
Slotted Jerk,3,0,217,-19.51766445464135
Slotted Jerk,3,0,218,-2691.0506584984514
Slotted Jerk,3,0,219,-20.28835463214093
Slotted Jerk,3,0,220,-1.843788139007584
Slotted Jerk,3,0,221,-22.603156434519484
Slotted Jerk,3,0,222,6.295111296414586
Slotted Jerk,3,0,223,-19.95726072861999
Slotted Jerk,3,0,224,-22.427182526201
Slotted Jerk,3,0,225,-20.217912778050458
Slotted Jerk,3,0,226,-8.949999999999932
Slotted Jerk,3,0,227,-1158.24330396765
Slotted Jerk,3,0,228,-23.35754788298577
Slotted Jerk,3,0,229,-20.97045352648278
Slotted Jerk,3,0,230,-26.0562335764403
Slotted Jerk,3,0,231,-53.18566045316767
Slotted Jerk,3,0,232,-19.908230203931357
Slotted Jerk,3,0,233,-2556.690425201355
Slotted Jerk,3,0,234,-23.060000000000265
Slotted Jerk,3,0,235,-19.26116837200469
Slotted Jerk,3,0,236,-21.372829636914446
Slotted Jerk,3,0,237,-8.16173780159114
Slotted Jerk,3,0,238,-26.249300169311446
Slotted Jerk,3,0,239,-9.562430682494679
Slotted Jerk,3,0,240,-1493.8375021217082
Slotted Jerk,3,0,241,-23.060000000000265
Slotted Jerk,3,0,242,-26.30448394980607
Slotted Jerk,3,0,243,-22.999195854543274
Slotted Jerk,3,0,244,-24.88940408267188
Slotted Jerk,3,0,245,-19.994175440742705
Slotted Jerk,3,0,246,-27.22391238862584
Slotted Jerk,3,0,247,-23.060000000000265
Slotted Jerk,3,0,248,-26.65479969990689
Slotted Jerk,3,0,249,-22.534614004972255
Slotted Jerk,3,0,250,-20.053999010910484
Slotted Jerk,3,0,251,-8.949999999999932
Slotted Jerk,3,0,252,7.32694876090078
Slotted Jerk,3,0,253,-49.02300482292151
Slotted Jerk,3,0,254,-8.474778105277643
Slotted Jerk,3,0,255,-23.56386983470938
Slotted Jerk,3,0,256,7.53954147388715
Slotted Jerk,3,0,257,5.98936546755444
Slotted Jerk,3,0,258,-442.3999447691782
Slotted Jerk,3,0,259,-24.49067575200359
Slotted Jerk,3,0,260,-20.97898152017463
Slotted Jerk,3,0,261,-38.332671014556155
Slotted Jerk,3,0,262,-19.164430647842213
Slotted Jerk,3,0,263,-1680.557991634746
Slotted Jerk,3,0,264,-2046.19079847471
Slotted Jerk,3,0,265,-20.883987304442005
Slotted Jerk,3,0,266,-7.428401680390479
Slotted Jerk,3,0,267,-66.46751099530859
Slotted Jerk,3,0,268,-27.82570154162149
Slotted Jerk,3,0,269,-10.66323383120054
Slotted Jerk,3,0,270,-25.42588417807672
Slotted Jerk,3,0,271,-7.371027354220061
Slotted Jerk,3,0,272,-21.40747609629422
Slotted Jerk,3,0,273,-19.84446700320522
Slotted Jerk,3,0,274,-19.515646928343017
Slotted Jerk,3,0,275,-23.20586957722864
Slotted Jerk,3,0,276,-21.063180488297473
Slotted Jerk,3,0,277,-11.834202939489089
Slotted Jerk,3,0,278,-22.650151992890272
Slotted Jerk,3,0,279,-1653.1212513958742
Slotted Jerk,3,0,280,-20.297438640913175
Slotted Jerk,3,0,281,-38.122882312408585
Slotted Jerk,3,0,282,-25.825083887165135
Slotted Jerk,3,0,283,-8.022327024195103
Slotted Jerk,3,0,284,-23.1652608408575
Slotted Jerk,3,0,285,-23.060000000000265
Slotted Jerk,3,0,286,-19.78871348032098
Slotted Jerk,3,0,287,-19.314751480724265
Slotted Jerk,3,0,288,-20.573581317730305
Slotted Jerk,3,0,289,-21.686864625917483
Slotted Jerk,3,0,290,-19.413478651740867
Slotted Jerk,3,0,291,-7.733440582910276
Slotted Jerk,3,0,292,7.697332050832824
Slotted Jerk,3,0,293,-7.459857085495361
Slotted Jerk,3,0,294,-9.830920531514256
Slotted Jerk,3,0,295,-8.90632499971067
Slotted Jerk,3,0,296,-655.3115891594867
Slotted Jerk,3,0,297,-10.514889560429008
Slotted Jerk,3,0,298,-21.60129666256951
Slotted Jerk,3,0,299,-20.809346925435356
Slotted Jerk,3,0,300,-7.624814601882822
Slotted Jerk,3,0,301,-7.612311758178205
Slotted Jerk,3,0,302,7.744141374140883
Slotted Jerk,3,0,303,-20.10172594298444
Slotted Jerk,3,0,304,-7.62741236117154
Slotted Jerk,3,0,305,-11.730341867286612
Slotted Jerk,3,0,306,-20.68670027108296
Slotted Jerk,3,0,307,-26.26356502502081
Slotted Jerk,3,0,308,4.5985798062402985
Slotted Jerk,3,0,309,-21.392891990122145
Slotted Jerk,3,0,310,-19.160130405216897
Slotted Jerk,3,0,311,-19.614350588748106
Slotted Jerk,3,0,312,-8.36327146958418
Slotted Jerk,3,0,313,-286.4292280375107
Slotted Jerk,3,0,314,-23.515692736178522
Slotted Jerk,3,0,315,-8.949999999999932
Slotted Jerk,3,0,316,-20.579507155249562
Slotted Jerk,3,0,317,-7.7721181259267915
Slotted Jerk,3,0,318,-19.677883370817884
Slotted Jerk,3,0,319,-9.282928188442003
Slotted Jerk,3,0,320,-23.060000000000265
Slotted Jerk,3,0,321,-23.810737333918134
Slotted Jerk,3,0,322,-25.221450211689344
Slotted Jerk,3,0,323,-19.530208325252246
Slotted Jerk,3,0,324,-11.937614306456123
Slotted Jerk,3,0,325,-8.994365231685585
Slotted Jerk,3,0,326,-24.175153416880526
Slotted Jerk,3,0,327,-791.2901384667748
Slotted Jerk,3,0,328,-24.339551436327753
Slotted Jerk,3,0,329,-21.81586184847336
Slotted Jerk,3,0,330,-878.876715778232
Slotted Jerk,3,0,331,-11.610801410377352
Slotted Jerk,3,0,332,-1851.4059226000472
Slotted Jerk,3,0,333,-20.40993189991811
Slotted Jerk,3,0,334,7.2972839800626454
Slotted Jerk,3,0,335,-8.949999999999932
Slotted Jerk,3,0,336,-19.200960161831432
Slotted Jerk,3,0,337,-3.606596897171162
Slotted Jerk,3,0,338,-21.5330614834503
Slotted Jerk,3,0,339,-7.681277395655815
Slotted Jerk,3,0,340,-24.303458067957216
Slotted Jerk,3,0,341,-8.949999999999932
Slotted Jerk,3,0,342,-26.167354094050914
Slotted Jerk,3,0,343,-24.5211505002656
Slotted Jerk,3,0,344,-25.10751705914126
Slotted Jerk,3,0,345,-10.862936090242577
Slotted Jerk,3,0,346,-29.37897284602419
Slotted Jerk,3,0,347,-8.949999999999932
Slotted Jerk,3,0,348,-20.325639900019066
Slotted Jerk,3,0,349,-2566.190256972172
Slotted Jerk,3,0,350,-9.563066446408296
Slotted Jerk,3,0,351,-25.893313793933984
Slotted Jerk,3,0,352,-25.66063162070632
Slotted Jerk,3,0,353,-19.402583116333737
Slotted Jerk,3,0,354,-27.09710544316679
Slotted Jerk,3,0,355,-19.175456625656558
Slotted Jerk,3,0,356,-7.4026766250526705
Slotted Jerk,3,0,357,-10.454289760961714
Slotted Jerk,3,0,358,-26.117584233216824
Slotted Jerk,3,0,359,-21.179562924050767
Slotted Jerk,3,0,360,-18.56479663522079
Slotted Jerk,3,0,361,-21.417272227209388
Slotted Jerk,3,0,362,-6.747515838417534
Slotted Jerk,3,0,363,-21.18055047248421
Slotted Jerk,3,0,364,-19.30214209695706
Slotted Jerk,3,0,365,-19.20518377691002
Slotted Jerk,3,0,366,-19.31171794616749
Slotted Jerk,3,0,367,7.298407918394915
Slotted Jerk,3,0,368,-19.341515604031272
Slotted Jerk,3,0,369,-23.119119083573594
Slotted Jerk,3,0,370,-23.535757496864868
Slotted Jerk,3,0,371,-19.73393378982846
Slotted Jerk,3,0,372,-20.75909510695502
Slotted Jerk,3,0,373,-7.455768249006102
Slotted Jerk,3,0,374,-20.00628749249162
Slotted Jerk,3,0,375,-9.67916863944198
Slotted Jerk,3,0,376,-19.206216819380934
Slotted Jerk,3,0,377,-18.53235352668293
Slotted Jerk,3,0,378,-12.32889972402971
Slotted Jerk,3,0,379,-12.20422973262892
Slotted Jerk,3,0,380,-9.033737014664872
Slotted Jerk,3,0,381,-19.289376433936706
Slotted Jerk,3,0,382,-9.880983748672847
Slotted Jerk,3,0,383,-24.991468450490792
Slotted Jerk,3,0,384,-9.343585803391619
Slotted Jerk,3,0,385,-12.019952031625525
Slotted Jerk,3,0,386,-24.8393208241381
Slotted Jerk,3,0,387,-25.33552511954411
Slotted Jerk,3,0,388,-2858.5106893050606
Slotted Jerk,3,0,389,0.5559243700979355
Slotted Jerk,3,0,390,-20.254337145030423
Slotted Jerk,3,0,391,-19.829759578824685
Slotted Jerk,3,0,392,-8.949999999999932
Slotted Jerk,3,0,393,-3011.818279611322
Slotted Jerk,3,0,394,-23.671806950869957
Slotted Jerk,3,0,395,-25.65064572966014
Slotted Jerk,3,0,396,-2263.6129849283857
Slotted Jerk,3,0,397,-20.896430056820126
Slotted Jerk,3,0,398,-23.069734342402192
Slotted Jerk,3,0,399,-11.908291565690984
Slotted Jerk,3,0,400,-24.11656428156202
Slotted Jerk,3,0,401,-21.308028186380426
Slotted Jerk,3,0,402,-21.73185286583279
Slotted Jerk,3,0,403,-7.436555089712563
Slotted Jerk,3,0,404,-19.168074839230073
Slotted Jerk,3,0,405,-24.852633698197735
Slotted Jerk,3,0,406,-2065.078267907773
Slotted Jerk,3,0,407,-19.311914528413002
Slotted Jerk,3,0,408,5.701365480282344
Slotted Jerk,3,0,409,3.3624384057774703
Slotted Jerk,3,0,410,-27.780202977666555
Slotted Jerk,3,0,411,6.155182764920732
Slotted Jerk,3,0,412,-26.233679345294632
Slotted Jerk,3,0,413,-26.587338111224213
Slotted Jerk,3,0,414,-19.154742951731908
Slotted Jerk,3,0,415,-19.158159248359027
Slotted Jerk,3,0,416,-751.8029246197428
Slotted Jerk,3,0,417,-941.0839791846072
Slotted Jerk,3,0,418,-20.55121957329172
Slotted Jerk,3,0,419,-20.351300662487827
Slotted Jerk,3,0,420,-19.51017957920354
Slotted Jerk,3,0,421,-19.712617980632867
Slotted Jerk,3,0,422,-11.923782570786397
Slotted Jerk,3,0,423,-19.262655961622233
Slotted Jerk,3,0,424,-0.1194227416629694
Slotted Jerk,3,0,425,-11.476520914222082
Slotted Jerk,3,0,426,-11.331014661823186
Slotted Jerk,3,0,427,-890.0908255843574
Slotted Jerk,3,0,428,-19.080518300892866
Slotted Jerk,3,0,429,-3280.8043639760785
Slotted Jerk,3,0,430,-20.270810880720404
Slotted Jerk,3,0,431,-19.416423040173438
Slotted Jerk,3,0,432,-10.448203531654269
Slotted Jerk,3,0,433,-20.128389078133363
Slotted Jerk,3,0,434,-2064.7052769151765
Slotted Jerk,3,0,435,-22.017310266929627
Slotted Jerk,3,0,436,-7.376292861575429
Slotted Jerk,3,0,437,-55.88097254503903
Slotted Jerk,3,0,438,-1839.442458213396
Slotted Jerk,3,0,439,-21.538273742134006
Slotted Jerk,3,0,440,-23.990425425848592
Slotted Jerk,3,0,441,-25.10250872355371
Slotted Jerk,3,0,442,-20.673429294455012
Slotted Jerk,3,0,443,-20.968910588303643
Slotted Jerk,3,0,444,-8.980325850367016
Slotted Jerk,3,0,445,-20.22208272064828
Slotted Jerk,3,0,446,-27.039253807111642
Slotted Jerk,3,0,447,-20.114346511112796
Slotted Jerk,3,0,448,-25.72947424708139
Slotted Jerk,3,0,449,-19.16242200209128
Slotted Jerk,3,0,450,-19.331399300005845
Slotted Jerk,3,0,451,-20.2891728523695
Slotted Jerk,3,0,452,-19.155411785115152
Slotted Jerk,3,0,453,-19.324466268943702
Slotted Jerk,3,0,454,-14.025817505107657
Slotted Jerk,3,0,455,-22.8520793944614
Slotted Jerk,3,0,456,-2062.8183460815567
Slotted Jerk,3,0,457,-6.837099013743405
Slotted Jerk,3,0,458,5.557982805595355
Slotted Jerk,3,0,459,-639.2343759428095
Slotted Jerk,3,0,460,6.471519382319788
Slotted Jerk,3,0,461,-21.264654561731444
Slotted Jerk,3,0,462,-8.28353731095303
Slotted Jerk,3,0,463,-19.204298712633822
Slotted Jerk,3,0,464,-41.62833670891543
Slotted Jerk,3,0,465,-7.298957938285014
Slotted Jerk,3,0,466,-22.970284925100636
Slotted Jerk,3,0,467,-2922.5167221353804
Slotted Jerk,3,0,468,7.774331449946823
Slotted Jerk,3,0,469,-48.89735286594535
Slotted Jerk,3,0,470,-8.577282105443487
Slotted Jerk,3,0,471,-11.967950988233621
Slotted Jerk,3,0,472,-8.623143398130747
Slotted Jerk,3,0,473,-7.187854681371778
Slotted Jerk,3,0,474,-23.777048468464308
Slotted Jerk,3,0,475,-27.685402375033746
Slotted Jerk,3,0,476,-2526.1288084943794
Slotted Jerk,3,0,477,-22.271973230821693
Slotted Jerk,3,0,478,-9.054563253709233
Slotted Jerk,3,0,479,-21.974884627268274
Slotted Jerk,3,0,480,-9.209881501720034
Slotted Jerk,3,0,481,-23.010944839197514
Slotted Jerk,3,0,482,-2821.2154710811838
Slotted Jerk,3,0,483,-19.59197151489073
Slotted Jerk,3,0,484,-26.49980750947499
Slotted Jerk,3,0,485,-2192.968741433981
Slotted Jerk,3,0,486,-19.142765724966896
Slotted Jerk,3,0,487,-1580.2836044208093
Slotted Jerk,3,0,488,-10.727078171256828
Slotted Jerk,3,0,489,-653.6430245570311
Slotted Jerk,3,0,490,-19.148454804980123
Slotted Jerk,3,0,491,-7.7810631279533204
Slotted Jerk,3,0,492,-44.29641069186799
Slotted Jerk,3,0,493,-26.59004785934018
Slotted Jerk,3,0,494,-7.770411064805064
Slotted Jerk,3,0,495,-22.039139605978853
Slotted Jerk,3,0,496,-21.018596195229076
Slotted Jerk,3,0,497,6.075209865644657
Slotted Jerk,3,0,498,-23.785662000825127
Slotted Jerk,3,0,499,-7.4082873560203595
Slotted Jerk,3,0,500,-25.93047170821484
Slotted Jerk,3,0,501,-9.173160007706333
Slotted Jerk,3,0,502,-20.48159585609061
Slotted Jerk,3,0,503,-17.507154301612726
Slotted Jerk,3,0,504,-20.35726736156534
Slotted Jerk,3,0,505,-22.386688394359645
Slotted Jerk,3,0,506,-8.69655707148182
Slotted Jerk,3,0,507,-2002.4206279630682
Slotted Jerk,3,0,508,-20.984744909899774
Slotted Jerk,3,0,509,-2.3854937199677604
Slotted Jerk,3,0,510,-19.319129044370182
Slotted Jerk,3,0,511,-8.655236690508918
Slotted Jerk,3,0,512,-10.820818552529943
Slotted Jerk,3,0,513,-19.213795897671364
Slotted Jerk,3,0,514,-24.130331106847443
Slotted Jerk,3,0,515,-21.25648664996158
Slotted Jerk,3,0,516,-20.61461724764152
Slotted Jerk,3,0,517,-7.728451737626354
Slotted Jerk,3,0,518,-9.443036800904892
Slotted Jerk,3,0,519,3.0830407353682707
Slotted Jerk,3,0,520,-19.5238046810173
Slotted Jerk,3,0,521,-19.208542223372355
Slotted Jerk,3,0,522,-8.362724683915776
Slotted Jerk,3,0,523,-20.88321191148546
Slotted Jerk,3,0,524,-7.755842652033802
Slotted Jerk,3,0,525,-7.880391848377684
Slotted Jerk,3,0,526,-32.441828865393504
Slotted Jerk,3,0,527,-23.060000000000265
Slotted Jerk,3,0,528,-21.88793713411277
Slotted Jerk,3,0,529,-8.61968004280114
Slotted Jerk,3,0,530,-27.092269494774733
Slotted Jerk,3,0,531,-19.97738173512738
Slotted Jerk,3,0,532,-19.44644728647651
Slotted Jerk,3,0,533,-2783.1743978141285
Slotted Jerk,3,0,534,-40.600926322177614
Slotted Jerk,3,0,535,-27.89457821071332
Slotted Jerk,3,0,536,-21.778338298431244
Slotted Jerk,3,0,537,-23.27842168097952
Slotted Jerk,3,0,538,-23.060000000000265
Slotted Jerk,3,0,539,-3.227254545703323
Slotted Jerk,3,0,540,4.131643595510977
Slotted Jerk,3,0,541,-21.68596035985235
Slotted Jerk,3,0,542,-1225.914381043183
Slotted Jerk,3,0,543,-19.18095384478916
Slotted Jerk,3,0,544,-19.1805722014363
Slotted Jerk,3,0,545,-35.221923568797564
Slotted Jerk,3,0,546,-24.87144825281206
Slotted Jerk,3,0,547,-23.31029339933172
Slotted Jerk,3,0,548,-7.367907978550189
Slotted Jerk,3,0,549,-7.90767990584882
Slotted Jerk,3,0,550,-1476.7514484440628
Slotted Jerk,3,0,551,-7.388107168350746
Slotted Jerk,3,0,552,-2475.6906551167544
Slotted Jerk,3,0,553,-21.157268434911504
Slotted Jerk,3,0,554,-21.03225615945316
Slotted Jerk,3,0,555,-11.786510904474298
Slotted Jerk,3,0,556,-7.614732179718466
Slotted Jerk,3,0,557,-7.418741381325528
Slotted Jerk,3,0,558,-8.912523939546904
Slotted Jerk,3,0,559,-22.328190073520922
Slotted Jerk,3,0,560,-8.949999999999932
Slotted Jerk,3,0,561,-25.1857340603107
Slotted Jerk,3,0,562,-18.86919149140329
Slotted Jerk,3,0,563,-25.90282106464867
Slotted Jerk,3,0,564,-22.846872413252186
Slotted Jerk,3,0,565,-20.58444001820913
Slotted Jerk,3,0,566,-1328.62524733986
Slotted Jerk,3,0,567,-22.726903953314284
Slotted Jerk,3,0,568,-19.15408680820104
Slotted Jerk,3,0,569,-7.414000755144677
Slotted Jerk,3,0,570,-8.940429444142488
Slotted Jerk,3,0,571,-25.927753441708354
Slotted Jerk,3,0,572,-19.686593907569968
Slotted Jerk,3,0,573,-23.937525845796472
Slotted Jerk,3,0,574,-20.108897993300694
Slotted Jerk,3,0,575,4.820852765129563
Slotted Jerk,3,0,576,-9.9606234224463
Slotted Jerk,3,0,577,-19.165544947018567
Slotted Jerk,3,0,578,-22.676134723304514
Slotted Jerk,3,0,579,-8.964710104446812
Slotted Jerk,3,0,580,-1936.923903967766
Slotted Jerk,3,0,581,-24.477343759457845
Slotted Jerk,3,0,582,-23.64242684038914
Slotted Jerk,3,0,583,-9.575495126649596
Slotted Jerk,3,0,584,-22.862211631303644
Slotted Jerk,3,0,585,-9.672143004467863
Slotted Jerk,3,0,586,-10.955264084110272
Slotted Jerk,3,0,587,-22.989530852877877
Slotted Jerk,3,0,588,-22.894339527994354
Slotted Jerk,3,0,589,-23.060000000000265
Slotted Jerk,3,0,590,-19.274678324655802
Slotted Jerk,3,0,591,-1405.6936183882067
Slotted Jerk,3,0,592,-20.552628205785055
Slotted Jerk,3,0,593,-8.828200475357328
Slotted Jerk,3,0,594,-20.443216411016245
Slotted Jerk,3,0,595,-1643.26138256272
Slotted Jerk,3,0,596,-20.718494538165082
Slotted Jerk,3,0,597,-19.107620263962122
Slotted Jerk,3,0,598,-19.4499737222005
Slotted Jerk,3,0,599,-9.871923816453698
Slotted Jerk,3,0,600,-52.823997120857356
Slotted Jerk,3,0,601,-19.402270061494892
Slotted Jerk,3,0,602,-26.756024153850205
Slotted Jerk,3,0,603,-25.35304866952272
Slotted Jerk,3,0,604,-9.464948665971725
Slotted Jerk,3,0,605,-20.817693425746683
Slotted Jerk,3,0,606,-19.95487419151327
Slotted Jerk,3,0,607,-25.285746476726864
Slotted Jerk,3,0,608,-24.769940817594183
Slotted Jerk,3,0,609,-11.741675246242927
Slotted Jerk,3,0,610,-49.59039108536481
Slotted Jerk,3,0,611,-20.136690090966002
Slotted Jerk,3,0,612,-1628.3209219092173
Slotted Jerk,3,0,613,6.993826248951233
Slotted Jerk,3,0,614,-25.877773992863794
Slotted Jerk,3,0,615,-20.51147796442891
Slotted Jerk,3,0,616,-24.433203321770165
Slotted Jerk,3,0,617,-21.020424900629962
Slotted Jerk,3,0,618,-2085.588225762706
Slotted Jerk,3,0,619,-24.371484526629544
Slotted Jerk,3,0,620,-210.7361625401452
Slotted Jerk,3,0,621,-19.60462154101644
Slotted Jerk,3,0,622,-13.563144742312126
Slotted Jerk,3,0,623,-19.278112717828677
Slotted Jerk,3,0,624,-21.736977445842495
Slotted Jerk,3,0,625,-19.437517471754205
Slotted Jerk,3,0,626,-10.92145455558806
Slotted Jerk,3,0,627,-24.238537568210766
Slotted Jerk,3,0,628,-9.151059107590463
Slotted Jerk,3,0,629,-21.677121378164028
Slotted Jerk,3,0,630,-20.760141618936586
Slotted Jerk,3,0,631,-27.850870263792004
Slotted Jerk,3,0,632,-1.0657573926580834
Slotted Jerk,3,0,633,-21.28256057247801
Slotted Jerk,3,0,634,3.2179187969378873
Slotted Jerk,3,0,635,-19.469580624742772
Slotted Jerk,3,0,636,-28.064814302332273
Slotted Jerk,3,0,637,-22.541492062327684
Slotted Jerk,3,0,638,-11.135205753633667
Slotted Jerk,3,0,639,7.773697420658365
Slotted Jerk,3,0,640,-24.077867558686165
Slotted Jerk,3,0,641,-19.223815698728085
Slotted Jerk,3,0,642,-7.640214522951066
Slotted Jerk,3,0,643,-8.750861696165057
Slotted Jerk,3,0,644,-21.736975079629932
Slotted Jerk,3,0,645,-2858.5159253080724
Slotted Jerk,3,0,646,-10.378849145958906
Slotted Jerk,3,0,647,-19.393041520087756
Slotted Jerk,3,0,648,-19.74227498419401
Slotted Jerk,3,0,649,-7.4713231574438765
Slotted Jerk,3,0,650,-19.68708410674326
Slotted Jerk,3,0,651,-823.807729925752
Slotted Jerk,3,0,652,-19.39825015378666
Slotted Jerk,3,0,653,-12.439104408554233
Slotted Jerk,3,0,654,-68.0089303575882
Slotted Jerk,3,0,655,-22.68626473696093
Slotted Jerk,3,0,656,-9.538244144616499
Slotted Jerk,3,0,657,-19.509024050030224
Slotted Jerk,3,0,658,-10.660633251717396
Slotted Jerk,3,0,659,-21.758777284503804
Slotted Jerk,3,0,660,-8.009675611208959
Slotted Jerk,3,0,661,-22.250159166688917
Slotted Jerk,3,0,662,7.671115322664781
Slotted Jerk,3,0,663,-21.985566535873016
Slotted Jerk,3,0,664,-19.40722216999249
Slotted Jerk,3,0,665,-28.3713066919465
Slotted Jerk,3,0,666,-21.308601445214965
Slotted Jerk,3,0,667,-27.09832885041814
Slotted Jerk,3,0,668,-8.082301973345619
Slotted Jerk,3,0,669,-20.56693181706292
Slotted Jerk,3,0,670,-25.47160961670169
Slotted Jerk,3,0,671,-23.377878020855483
Slotted Jerk,3,0,672,-30.859366390209367
Slotted Jerk,3,0,673,-23.060000000000265
Slotted Jerk,3,0,674,-27.68386973815428
Slotted Jerk,3,0,675,-23.602607052214765
Slotted Jerk,3,0,676,-23.95955021041747
Slotted Jerk,3,0,677,-26.30008977407931
Slotted Jerk,3,0,678,-9.263637480868063
Slotted Jerk,3,0,679,-2588.2282165723345
Slotted Jerk,3,0,680,-1003.6732870697155
Slotted Jerk,3,0,681,-8.949999999999932
Slotted Jerk,3,0,682,-7.864016731621813
Slotted Jerk,3,0,683,-21.839823209337293
Slotted Jerk,3,0,684,-20.46843580242758
Slotted Jerk,3,0,685,-20.476260689634568
Slotted Jerk,3,0,686,-24.998544792394853
Slotted Jerk,3,0,687,-19.93338773019767
Slotted Jerk,3,0,688,-21.656210501457974
Slotted Jerk,3,0,689,-8.949999999999932
Slotted Jerk,3,0,690,-19.193709574818527
Slotted Jerk,3,0,691,-20.717642831705856
Slotted Jerk,3,0,692,-12.258896307482804
Slotted Jerk,3,0,693,-10.71043713868233
Slotted Jerk,3,0,694,-10.74340182271646
Slotted Jerk,3,0,695,-19.10590781329344
Slotted Jerk,3,0,696,7.815918816437588
Slotted Jerk,3,0,697,5.2330762409058424
Slotted Jerk,3,0,698,-8.964495057827385
Slotted Jerk,3,0,699,-20.09628267335855
Slotted Jerk,3,0,700,8.387637997381127
Slotted Jerk,3,0,701,-7.368085741749127
Slotted Jerk,3,0,702,-11.739489841672192
Slotted Jerk,3,0,703,-26.42288774573492
Slotted Jerk,3,0,704,-2089.0589805052423
Slotted Jerk,3,0,705,-24.45772127154119
Slotted Jerk,3,0,706,-22.921111144366826
Slotted Jerk,3,0,707,-1423.2116671495583
Slotted Jerk,3,0,708,-24.468776058388748
Slotted Jerk,3,0,709,-21.48769112223186
Slotted Jerk,3,0,710,-19.901381920606084
Slotted Jerk,3,0,711,-21.879440290405363
Slotted Jerk,3,0,712,-19.198542544161214
Slotted Jerk,3,0,713,7.540536025167695
Slotted Jerk,3,0,714,-26.913433749387274
Slotted Jerk,3,0,715,-22.766641077904154
Slotted Jerk,3,0,716,-19.175202763431038
Slotted Jerk,3,0,717,-21.386313848753165
Slotted Jerk,3,0,718,-21.83502883447386
Slotted Jerk,3,0,719,-2481.4365268384154
Slotted Jerk,3,0,720,-25.461208997587995
Slotted Jerk,3,0,721,-27.18731239564628
Slotted Jerk,3,0,722,-9.602977682675796
Slotted Jerk,3,0,723,-23.007289411643363
Slotted Jerk,3,0,724,-21.209760464456235
Slotted Jerk,3,0,725,-3197.0753599376403
Slotted Jerk,3,0,726,-8.13089527106959
Slotted Jerk,3,0,727,-27.016518682093498
Slotted Jerk,3,0,728,-10.75267302221636
Slotted Jerk,3,0,729,2.9105756614610376
Slotted Jerk,3,0,730,-21.874607734834235
Slotted Jerk,3,0,731,-7.740214333591737
Slotted Jerk,3,0,732,-9.861262142756996
Slotted Jerk,3,0,733,-11.240492126558784
Slotted Jerk,3,0,734,-26.910681562746227
Slotted Jerk,3,0,735,-26.52259662935647
Slotted Jerk,3,0,736,-22.86504152666523
Slotted Jerk,3,0,737,-22.453970313127208
Slotted Jerk,3,0,738,-25.94345178916705
Slotted Jerk,3,0,739,-25.351460568635254
Slotted Jerk,3,0,740,2.7729147412212596
Slotted Jerk,3,0,741,-22.830908932686846
Slotted Jerk,3,0,742,-20.44101908833307
Slotted Jerk,3,0,743,-1976.9254889015974
Slotted Jerk,3,0,744,-7.600494377427847
Slotted Jerk,3,0,745,-21.80197391262557
Slotted Jerk,3,0,746,-8.550847586358152
Slotted Jerk,3,0,747,-8.624363079146864
Slotted Jerk,3,0,748,-22.805644608512907
Slotted Jerk,3,0,749,-8.726104848080379
Slotted Jerk,3,0,750,-26.222850910910893
Slotted Jerk,3,0,751,-19.080525006100395
Slotted Jerk,3,0,752,-8.647838982591484
Slotted Jerk,3,0,753,-22.24444017536193
Slotted Jerk,3,0,754,-7.649010133272846
Slotted Jerk,3,0,755,-9.060757458990047
Slotted Jerk,3,0,756,-19.180200144423925
Slotted Jerk,3,0,757,-19.1626745863053
Slotted Jerk,3,0,758,7.830176223467454
Slotted Jerk,3,0,759,-1587.4987991364383
Slotted Jerk,3,0,760,-9.55654201923912
Slotted Jerk,3,0,761,-7.495915784984852
Slotted Jerk,3,0,762,-7.852939276151609
Slotted Jerk,3,0,763,-20.059856888462065
Slotted Jerk,3,0,764,-23.53973745287351
Slotted Jerk,3,0,765,-20.899572686500278
Slotted Jerk,3,0,766,-10.0571386306152
Slotted Jerk,3,0,767,-26.346670905005595
Slotted Jerk,3,0,768,-19.472103405988957
Slotted Jerk,3,0,769,-7.822449526430688
Slotted Jerk,3,0,770,-8.825972683280021
Slotted Jerk,3,0,771,-22.575245155849956
Slotted Jerk,3,0,772,-19.781762387023054
Slotted Jerk,3,0,773,-19.305061872224808
Slotted Jerk,3,0,774,-21.568368384981667
Slotted Jerk,3,0,775,-2771.529549610975
Slotted Jerk,3,0,776,-796.1536334914641
Slotted Jerk,3,0,777,-26.620663328127705
Slotted Jerk,3,0,778,-7.368782050296943
Slotted Jerk,3,0,779,-19.17923991253203
Slotted Jerk,3,0,780,-16.436574402635102
Slotted Jerk,3,0,781,-23.060000000000265
Slotted Jerk,3,0,782,-19.416054353249145
Slotted Jerk,3,0,783,-19.231491159881937
Slotted Jerk,3,0,784,-19.200225320556985
Slotted Jerk,3,0,785,-27.455130154070325
Slotted Jerk,3,0,786,-19.81072101485767
Slotted Jerk,3,0,787,-21.776711330398175
Slotted Jerk,3,0,788,-19.701873583032484
Slotted Jerk,3,0,789,-24.324694912540195
Slotted Jerk,3,0,790,2.178444519868755
Slotted Jerk,3,0,791,-26.754790287600038
Slotted Jerk,3,0,792,-23.42943407753272
Slotted Jerk,3,0,793,-10.952938245040464
Slotted Jerk,3,0,794,-22.4207331876324
Slotted Jerk,3,0,795,-20.221228745396196
Slotted Jerk,3,0,796,-740.3569200952672
Slotted Jerk,3,0,797,-0.11790327373647713
Slotted Jerk,3,0,798,-11.89357891287204
Slotted Jerk,3,0,799,-20.137039473943116
Slotted Jerk,3,0,800,-9.842126827555905
Slotted Jerk,3,0,801,-7.434717531115698
Slotted Jerk,3,0,802,-21.549210617156266
Slotted Jerk,3,0,803,-9.811335583769772
Slotted Jerk,3,0,804,-19.146687662598858
Slotted Jerk,3,0,805,-20.4699303147658
Slotted Jerk,3,0,806,-27.87572349717277
Slotted Jerk,3,0,807,-22.76992043338742
Slotted Jerk,3,0,808,-7.46756824770409
Slotted Jerk,3,0,809,-9.731232937974756
Slotted Jerk,3,0,810,-19.27665257936561
Slotted Jerk,3,0,811,-2.409450681724824
Slotted Jerk,3,0,812,3.5012307980909174
Slotted Jerk,3,0,813,-25.082578941760573
Slotted Jerk,3,0,814,7.223677885290099
Slotted Jerk,3,0,815,-19.248335213910305
Slotted Jerk,3,0,816,-19.16563085430586
Slotted Jerk,3,0,817,-25.73156499282107
Slotted Jerk,3,0,818,-7.437171382233778
Slotted Jerk,3,0,819,6.8506567614523926
Slotted Jerk,3,0,820,-23.687735645322817
Slotted Jerk,3,0,821,-20.1954035448154
Slotted Jerk,3,0,822,-8.949999999999932
Slotted Jerk,3,0,823,-7.432993043690583
Slotted Jerk,3,0,824,-24.63990331682524
Slotted Jerk,3,0,825,-27.134169516786137
Slotted Jerk,3,0,826,-23.9339549762296
Slotted Jerk,3,0,827,-23.39861992827862
Slotted Jerk,3,0,828,-9.887433557874498
Slotted Jerk,3,0,829,-19.120104015760536
Slotted Jerk,3,0,830,-57.437041486784565
Slotted Jerk,3,0,831,-22.084618772702477
Slotted Jerk,3,0,832,-50.46843609614576
Slotted Jerk,3,0,833,-27.24246455445411
Slotted Jerk,3,0,834,-19.226716205822456
Slotted Jerk,3,0,835,5.756165696297482
Slotted Jerk,3,0,836,-21.509393264552692
Slotted Jerk,3,0,837,-21.79228026573315
Slotted Jerk,3,0,838,-7.736206676839668
Slotted Jerk,3,0,839,-24.225998374721037
Slotted Jerk,3,0,840,-19.192421577115248
Slotted Jerk,3,0,841,-19.10129218541937
Slotted Jerk,3,0,842,-24.148470070990328
Slotted Jerk,3,0,843,-26.79592925800059
Slotted Jerk,3,0,844,-21.98733193544207
Slotted Jerk,3,0,845,-11.089571929377701
Slotted Jerk,3,0,846,-21.839118922074306
Slotted Jerk,3,0,847,-21.679481582051288
Slotted Jerk,3,0,848,5.378127870617123
Slotted Jerk,3,0,849,-24.176892165107475
Slotted Jerk,3,0,850,-7.78723423587239
Slotted Jerk,3,0,851,-9.234500864764442
Slotted Jerk,3,0,852,4.656343682972959
Slotted Jerk,3,0,853,-24.31901506756538
Slotted Jerk,3,0,854,-19.332027609411107
Slotted Jerk,3,0,855,-23.669070147782406
Slotted Jerk,3,0,856,-7.517487339781443
Slotted Jerk,3,0,857,-9.071691858574372
Slotted Jerk,3,0,858,-10.847578205519667
Slotted Jerk,3,0,859,-2694.0276355162123
Slotted Jerk,3,0,860,-26.85581723152457
Slotted Jerk,3,0,861,-19.703775411633433
Slotted Jerk,3,0,862,5.409531373114836
Slotted Jerk,3,0,863,-22.44000000000017
Slotted Jerk,3,0,864,-10.316267524549598
Slotted Jerk,3,0,865,-8.949999999999932
Slotted Jerk,3,0,866,-20.857148111935683
Slotted Jerk,3,0,867,-28.23603567869023
Slotted Jerk,3,0,868,-19.965401314244453
Slotted Jerk,3,0,869,-8.030474772771612
Slotted Jerk,3,0,870,-26.840550491633905
Slotted Jerk,3,0,871,-291.03173115807556
Slotted Jerk,3,0,872,-7.571696257423145
Slotted Jerk,3,0,873,-4.439136488842424
Slotted Jerk,3,0,874,-10.204830426517358
Slotted Jerk,3,0,875,-477.3757887838351
Slotted Jerk,3,0,876,-25.717459434845672
Slotted Jerk,3,0,877,-20.517140808254773
Slotted Jerk,3,0,878,-27.208889829647617
Slotted Jerk,3,0,879,-19.45560524161101
Slotted Jerk,3,0,880,-27.078247707142374
Slotted Jerk,3,0,881,-19.17265271319069
Slotted Jerk,3,0,882,-11.530856031097336
Slotted Jerk,3,0,883,-11.277360760695704
Slotted Jerk,3,0,884,-19.160468918808853
Slotted Jerk,3,0,885,-9.056089889379162
Slotted Jerk,3,0,886,-24.415924564952157
Slotted Jerk,3,0,887,-21.756450625967695
Slotted Jerk,3,0,888,-22.814189208651
Slotted Jerk,3,0,889,-3.964644336265984
Slotted Jerk,3,0,890,-5.938174747850363
Slotted Jerk,3,0,891,-642.7608995994502
Slotted Jerk,3,0,892,-10.595287801614859
Slotted Jerk,3,0,893,-2856.9317869106562
Slotted Jerk,3,0,894,-1469.732950388276
Slotted Jerk,3,0,895,-2563.0091311886295
Slotted Jerk,3,0,896,-1751.0162746839792
Slotted Jerk,3,0,897,5.498572924747313
Slotted Jerk,3,0,898,-7.367596458314345
Slotted Jerk,3,0,899,-1608.7615945879836
Slotted Jerk,3,0,900,-19.34032436590287
Slotted Jerk,3,0,901,-19.160514347041474
Slotted Jerk,3,0,902,-48.7095890655031
Slotted Jerk,3,0,903,-21.215261025196448
Slotted Jerk,3,0,904,-21.739345197664683
Slotted Jerk,3,0,905,-1693.850705455966
Slotted Jerk,3,0,906,-19.85948444960461
Slotted Jerk,3,0,907,-564.9006363070973
Slotted Jerk,3,0,908,-23.689635836463452
Slotted Jerk,3,0,909,-19.833567370851867
Slotted Jerk,3,0,910,-23.760626017853674
Slotted Jerk,3,0,911,0.14787643904126746
Slotted Jerk,3,0,912,-8.949999999999932
Slotted Jerk,3,0,913,-19.721755118850144
Slotted Jerk,3,0,914,-21.484391333428082
Slotted Jerk,3,0,915,-22.844161702417317
Slotted Jerk,3,0,916,-19.364121250856854
Slotted Jerk,3,0,917,-33.165462530639815
Slotted Jerk,3,0,918,-20.161725904513105
Slotted Jerk,3,0,919,-19.54404793595468
Slotted Jerk,3,0,920,-23.668695188466963
Slotted Jerk,3,0,921,-21.405139228210214
Slotted Jerk,3,0,922,-19.16253061576163
Slotted Jerk,3,0,923,-2012.0803328077288
Slotted Jerk,3,0,924,-19.2541914110798
Slotted Jerk,3,0,925,-21.016749375962274
Slotted Jerk,3,0,926,-12.051770689232935
Slotted Jerk,3,0,927,-21.243690321052206
Slotted Jerk,3,0,928,-84.40408169628711
Slotted Jerk,3,0,929,-19.358091772457538
Slotted Jerk,3,0,930,-385.53884214077044
Slotted Jerk,3,0,931,-23.060000000000265
Slotted Jerk,3,0,932,-26.172379989798884
Slotted Jerk,3,0,933,-514.3577617164738
Slotted Jerk,3,0,934,-7.367612047940849
Slotted Jerk,3,0,935,-19.54198848519954
Slotted Jerk,3,0,936,-7.53295095268528
Slotted Jerk,3,0,937,-21.078269690689897
Slotted Jerk,3,0,938,-8.949999999999932
Slotted Jerk,3,0,939,-20.81697196309663
Slotted Jerk,3,0,940,-19.985318828720416
Slotted Jerk,3,0,941,-23.700713540732437
Slotted Jerk,3,0,942,-20.2385051635104
Slotted Jerk,3,0,943,-8.649552093838125
Slotted Jerk,3,0,944,-8.207754928901387
Slotted Jerk,3,0,945,-20.617961164501285
Slotted Jerk,3,0,946,-20.38489900932142
Slotted Jerk,3,0,947,-2587.5306232323765
Slotted Jerk,3,0,948,-19.8477866480082
Slotted Jerk,3,0,949,-9.37697444316656
Slotted Jerk,3,0,950,-21.5650950074685
Slotted Jerk,3,0,951,-21.443671079491615
Slotted Jerk,3,0,952,-12.376433885637738
Slotted Jerk,3,0,953,-1236.5571414093959
Slotted Jerk,3,0,954,-25.959517744496644
Slotted Jerk,3,0,955,6.746483755764935
Slotted Jerk,3,0,956,-23.060000000000265
Slotted Jerk,3,0,957,-22.217781011573265
Slotted Jerk,3,0,958,-61.57490456438492
Slotted Jerk,3,0,959,-19.360245254081693
Slotted Jerk,3,0,960,-1938.536422767404
Slotted Jerk,3,0,961,-7.4915880873521274
Slotted Jerk,3,0,962,-25.487349973969152
Slotted Jerk,3,0,963,-24.87805425276759
Slotted Jerk,3,0,964,-2194.3943323823564
Slotted Jerk,3,0,965,-19.198726409432478
Slotted Jerk,3,0,966,-1.603755002141325
Slotted Jerk,3,0,967,-7.4331332498853975
Slotted Jerk,3,0,968,-7.459951926852554
Slotted Jerk,3,0,969,-19.403427181467944
Slotted Jerk,3,0,970,-24.370914080804205
Slotted Jerk,3,0,971,-19.51630662844283
Slotted Jerk,3,0,972,-23.934725909480754
Slotted Jerk,3,0,973,-19.752762218740113
Slotted Jerk,3,0,974,-24.105502859730898
Slotted Jerk,3,0,975,-20.75096164008624
Slotted Jerk,3,0,976,-769.2056066767192
Slotted Jerk,3,0,977,-20.64746417685966
Slotted Jerk,3,0,978,-48.52374201172953
Slotted Jerk,3,0,979,7.597496990627294
Slotted Jerk,3,0,980,-18.49335060202257
Slotted Jerk,3,0,981,-19.55263590718145
Slotted Jerk,3,0,982,-7.506458706509463
Slotted Jerk,3,0,983,-2466.694781655093
Slotted Jerk,3,0,984,-8.949999999999932
Slotted Jerk,3,0,985,-19.180828001513444
Slotted Jerk,3,0,986,-9.142978377841665
Slotted Jerk,3,0,987,-7.809113966109749
Slotted Jerk,3,0,988,-20.27637613589611
Slotted Jerk,3,0,989,-9.546665542813326
Slotted Jerk,3,0,990,-21.215663544045345
Slotted Jerk,3,0,991,-1589.8112449223343
Slotted Jerk,3,0,992,7.47730534900364
Slotted Jerk,3,0,993,-19.393208819595362
Slotted Jerk,3,0,994,-121.17588732944358
Slotted Jerk,3,0,995,4.711990170982708
Slotted Jerk,3,0,996,-19.476471702611125
Slotted Jerk,3,0,997,-26.398322302564985
Slotted Jerk,3,0,998,-28.093977631673503
Slotted Jerk,3,0,999,1.9684918319080662
Slotted Jerk,4,1,0,-20.757803893255215
Slotted Jerk,4,1,1,-2354.1076542813744
Slotted Jerk,4,1,2,-9.196152333751133
Slotted Jerk,4,1,3,-19.57564922777735
Slotted Jerk,4,1,4,-12.79396101533207
Slotted Jerk,4,1,5,-2521.06272225171
Slotted Jerk,4,1,6,6.4175402317384425
Slotted Jerk,4,1,7,-27.94754492587151
Slotted Jerk,4,1,8,-24.47879282283752
Slotted Jerk,4,1,9,-11.623816318759406
Slotted Jerk,4,1,10,-25.557394951193267
Slotted Jerk,4,1,11,-23.998562224223228
Slotted Jerk,4,1,12,-21.045651017299218
Slotted Jerk,4,1,13,-24.47915176943117
Slotted Jerk,4,1,14,-863.5732737152446
Slotted Jerk,4,1,15,-26.86022999526724
Slotted Jerk,4,1,16,-589.2125414098048
Slotted Jerk,4,1,17,-26.252860522909906
Slotted Jerk,4,1,18,-19.14697896813978
Slotted Jerk,4,1,19,-308.3739965038575
Slotted Jerk,4,1,20,-10.173824069738792
Slotted Jerk,4,1,21,-2126.40674370068
Slotted Jerk,4,1,22,-23.170713657048957
Slotted Jerk,4,1,23,-2309.0223830337295
Slotted Jerk,4,1,24,-197.71370423560822
Slotted Jerk,4,1,25,-23.750818888032853
Slotted Jerk,4,1,26,-19.175445703692013
Slotted Jerk,4,1,27,-9.833354169843762
Slotted Jerk,4,1,28,-20.32392503537953
Slotted Jerk,4,1,29,-8.870233239965824
Slotted Jerk,4,1,30,6.199946249792218
Slotted Jerk,4,1,31,-21.597603700804875
Slotted Jerk,4,1,32,-106.94892412607737
Slotted Jerk,4,1,33,-8.949999999999932
Slotted Jerk,4,1,34,-9.29849120457314
Slotted Jerk,4,1,35,-27.818378940744694
Slotted Jerk,4,1,36,-23.060000000000265
Slotted Jerk,4,1,37,-20.414586932724703
Slotted Jerk,4,1,38,-19.97917678752481
Slotted Jerk,4,1,39,-52.326315739072264
Slotted Jerk,4,1,40,-12.011678884844038
Slotted Jerk,4,1,41,-19.719495883115506
Slotted Jerk,4,1,42,-9.812009181279073
Slotted Jerk,4,1,43,-48.78639035333581
Slotted Jerk,4,1,44,-26.625922516340758
Slotted Jerk,4,1,45,-22.73138258570981
Slotted Jerk,4,1,46,-21.63778822284703
Slotted Jerk,4,1,47,-19.122506478721977
Slotted Jerk,4,1,48,-20.32935683369779
Slotted Jerk,4,1,49,-27.626836512653924
Slotted Jerk,4,1,50,-21.91241504254048
Slotted Jerk,4,1,51,-10.527117809028947
Slotted Jerk,4,1,52,-20.04113358953855
Slotted Jerk,4,1,53,-19.966765549087764
Slotted Jerk,4,1,54,-12.127475394136724
Slotted Jerk,4,1,55,-21.454413459191642
Slotted Jerk,4,1,56,-8.663359345720426
Slotted Jerk,4,1,57,-22.787617622503554
Slotted Jerk,4,1,58,-19.714237611010695
Slotted Jerk,4,1,59,-21.44353978894124
Slotted Jerk,4,1,60,-23.060000000000265
Slotted Jerk,4,1,61,-27.048149217475604
Slotted Jerk,4,1,62,-22.00520994706762
Slotted Jerk,4,1,63,-3.0937192531536066
Slotted Jerk,4,1,64,-21.200698695165382
Slotted Jerk,4,1,65,-12.232083014845408
Slotted Jerk,4,1,66,-22.343696121628128
Slotted Jerk,4,1,67,6.421249048527143
Slotted Jerk,4,1,68,-411.19288031048006
Slotted Jerk,4,1,69,-22.129768236415963
Slotted Jerk,4,1,70,-19.9215817572362
Slotted Jerk,4,1,71,-19.16442277725145
Slotted Jerk,4,1,72,-175.80175939636771
Slotted Jerk,4,1,73,-21.02040771293534
Slotted Jerk,4,1,74,-22.6775919538917
Slotted Jerk,4,1,75,-482.14439872303427
Slotted Jerk,4,1,76,-8.152413459506498
Slotted Jerk,4,1,77,-20.70558780925352
Slotted Jerk,4,1,78,-19.541637064704133
Slotted Jerk,4,1,79,-1340.1199945984795
Slotted Jerk,4,1,80,-8.755294943301571
Slotted Jerk,4,1,81,4.572747771749009
Slotted Jerk,4,1,82,-1076.8075049550253
Slotted Jerk,4,1,83,7.803100553168402
Slotted Jerk,4,1,84,-7.7672429172319575
Slotted Jerk,4,1,85,-23.060000000000265
Slotted Jerk,4,1,86,7.068909516261153
Slotted Jerk,4,1,87,-8.752296423817182
Slotted Jerk,4,1,88,-39.15739773601626
Slotted Jerk,4,1,89,-21.783547394510084
Slotted Jerk,4,1,90,-20.636407662030265
Slotted Jerk,4,1,91,-20.80825777635146
Slotted Jerk,4,1,92,-19.748538743498294
Slotted Jerk,4,1,93,-2485.6035181755055
Slotted Jerk,4,1,94,-19.157565544442367
Slotted Jerk,4,1,95,-20.328975195386285
Slotted Jerk,4,1,96,1.0563870073556405
Slotted Jerk,4,1,97,-22.095687334199454
Slotted Jerk,4,1,98,-10.82418036140735
Slotted Jerk,4,1,99,-20.203701060642732
Slotted Jerk,4,1,100,-19.348098169190585
Slotted Jerk,4,1,101,-22.13694688367525
Slotted Jerk,4,1,102,-26.06470941406235
Slotted Jerk,4,1,103,-27.201677321358325
Slotted Jerk,4,1,104,-25.491511190550035
Slotted Jerk,4,1,105,-1118.7253955878834
Slotted Jerk,4,1,106,-19.72501837767876
Slotted Jerk,4,1,107,-24.941600970168956
Slotted Jerk,4,1,108,-23.287375293134943
Slotted Jerk,4,1,109,-19.160171726243053
Slotted Jerk,4,1,110,-23.060000000000265
Slotted Jerk,4,1,111,-20.99286155449482
Slotted Jerk,4,1,112,-12.121944107150401
Slotted Jerk,4,1,113,-9.406084378218416
Slotted Jerk,4,1,114,-7.391738833023773
Slotted Jerk,4,1,115,-23.15010679933807
Slotted Jerk,4,1,116,-21.79377828215067
Slotted Jerk,4,1,117,-5.407634272787387
Slotted Jerk,4,1,118,-26.224563297873942
Slotted Jerk,4,1,119,-19.716644208997774
Slotted Jerk,4,1,120,-22.394767198981654
Slotted Jerk,4,1,121,-20.796002087027805
Slotted Jerk,4,1,122,-26.6467846480719
Slotted Jerk,4,1,123,-7.373649784722041
Slotted Jerk,4,1,124,-19.14186108342037
Slotted Jerk,4,1,125,-19.355379202934618
Slotted Jerk,4,1,126,-20.47393886721128
Slotted Jerk,4,1,127,-21.900164304899295
Slotted Jerk,4,1,128,3.7243327874411687
Slotted Jerk,4,1,129,-7.5477945575770775
Slotted Jerk,4,1,130,-23.211150117481033
Slotted Jerk,4,1,131,-15.044189373291161
Slotted Jerk,4,1,132,-7.6867119816355185
Slotted Jerk,4,1,133,-9.107555802095767
Slotted Jerk,4,1,134,-22.3264872716815
Slotted Jerk,4,1,135,-21.347935509898914
Slotted Jerk,4,1,136,-21.63291622777562
Slotted Jerk,4,1,137,-26.64939878991619
Slotted Jerk,4,1,138,4.1439028995255685
Slotted Jerk,4,1,139,-10.893876085691819
Slotted Jerk,4,1,140,-1005.6088516764252
Slotted Jerk,4,1,141,-9.228992835224936
Slotted Jerk,4,1,142,-20.791737885508542
Slotted Jerk,4,1,143,-7.642488338145103
Slotted Jerk,4,1,144,-20.092924801223205
Slotted Jerk,4,1,145,-1.0330792693324646
Slotted Jerk,4,1,146,-23.157949175304623
Slotted Jerk,4,1,147,-22.22087306521194
Slotted Jerk,4,1,148,-20.03717434740881
Slotted Jerk,4,1,149,-27.501000100204287
Slotted Jerk,4,1,150,-27.414442133340216
Slotted Jerk,4,1,151,-25.178412643713074
Slotted Jerk,4,1,152,2.5936359054910936
Slotted Jerk,4,1,153,-55.112922698506225
Slotted Jerk,4,1,154,-24.365976547128056
Slotted Jerk,4,1,155,7.814414427689691
Slotted Jerk,4,1,156,-20.35581855785734
Slotted Jerk,4,1,157,-24.173853056523583
Slotted Jerk,4,1,158,-22.125714953463536
Slotted Jerk,4,1,159,-21.100117645485685
Slotted Jerk,4,1,160,-16.866661167152778
Slotted Jerk,4,1,161,-21.772151159928995
Slotted Jerk,4,1,162,-11.974142810694417
Slotted Jerk,4,1,163,-1559.683857457547
Slotted Jerk,4,1,164,-28.071932721852804
Slotted Jerk,4,1,165,-7.384246275938221
Slotted Jerk,4,1,166,-28.06455682468819
Slotted Jerk,4,1,167,-186.16631396983743
Slotted Jerk,4,1,168,-21.062852672306636
Slotted Jerk,4,1,169,-7.93997673833244
Slotted Jerk,4,1,170,-24.77136302812086
Slotted Jerk,4,1,171,-19.652568860296462
Slotted Jerk,4,1,172,-23.060000000000265
Slotted Jerk,4,1,173,-27.768647280356603
Slotted Jerk,4,1,174,-21.561666077510623
Slotted Jerk,4,1,175,-50.909327954914566
Slotted Jerk,4,1,176,-23.060000000000265
Slotted Jerk,4,1,177,-19.160990162479308
Slotted Jerk,4,1,178,-19.252986993063136
Slotted Jerk,4,1,179,-9.062888124376688
Slotted Jerk,4,1,180,-19.356875313524206
Slotted Jerk,4,1,181,-24.59564725715144
Slotted Jerk,4,1,182,7.123516324063303
Slotted Jerk,4,1,183,-1612.861216296898
Slotted Jerk,4,1,184,-3.906764776163408
Slotted Jerk,4,1,185,-2089.021279901151
Slotted Jerk,4,1,186,7.782200463742168
Slotted Jerk,4,1,187,-9.614521684520035
Slotted Jerk,4,1,188,-21.277976059394494
Slotted Jerk,4,1,189,-7.683247708102531
Slotted Jerk,4,1,190,-9.403985587154867
Slotted Jerk,4,1,191,-25.88643031175817
Slotted Jerk,4,1,192,-20.80163326253026
Slotted Jerk,4,1,193,-19.77619306250759
Slotted Jerk,4,1,194,-20.328901049264186
Slotted Jerk,4,1,195,-20.6899551908237
Slotted Jerk,4,1,196,-19.443876968051534
Slotted Jerk,4,1,197,-23.472383924346026
Slotted Jerk,4,1,198,-2811.3501058819215
Slotted Jerk,4,1,199,-9.974234483177494
Slotted Jerk,4,1,200,-2.294224092057201
Slotted Jerk,4,1,201,-24.95219814269241
Slotted Jerk,4,1,202,-19.653389033793147
Slotted Jerk,4,1,203,-23.11225796162873
Slotted Jerk,4,1,204,-2149.8138003469135
Slotted Jerk,4,1,205,-9.202411457857107
Slotted Jerk,4,1,206,-7.794357081605412
Slotted Jerk,4,1,207,-23.060000000000265
Slotted Jerk,4,1,208,-16.447702014942166
Slotted Jerk,4,1,209,-19.465084540375198
Slotted Jerk,4,1,210,-19.08460751472593
Slotted Jerk,4,1,211,3.82836749918006
Slotted Jerk,4,1,212,-50.569375659077174
Slotted Jerk,4,1,213,7.604657896459537
Slotted Jerk,4,1,214,-8.68517460071914
Slotted Jerk,4,1,215,-23.11559102749046
Slotted Jerk,4,1,216,-26.102775789996684
Slotted Jerk,4,1,217,-11.022391199916989
Slotted Jerk,4,1,218,-272.67754740484617
Slotted Jerk,4,1,219,-19.170165093616983
Slotted Jerk,4,1,220,-21.14624496123692
Slotted Jerk,4,1,221,-20.269388147161525
Slotted Jerk,4,1,222,-11.02885522567012
Slotted Jerk,4,1,223,-22.299179173180192
Slotted Jerk,4,1,224,-9.549529671554897
Slotted Jerk,4,1,225,-19.32765007556803
Slotted Jerk,4,1,226,-23.060000000000265
Slotted Jerk,4,1,227,-23.573506930395055
Slotted Jerk,4,1,228,-1528.7792774635366
Slotted Jerk,4,1,229,-20.326918506593426
Slotted Jerk,4,1,230,-20.72238534718711
Slotted Jerk,4,1,231,-21.75686463767848
Slotted Jerk,4,1,232,-20.54348676968645
Slotted Jerk,4,1,233,-19.111449222631258
Slotted Jerk,4,1,234,-18.359182713805556
Slotted Jerk,4,1,235,-9.052642262761534
Slotted Jerk,4,1,236,5.355435298933466
Slotted Jerk,4,1,237,-1162.6265000316823
Slotted Jerk,4,1,238,-9.177018307598974
Slotted Jerk,4,1,239,-19.14748540340361
Slotted Jerk,4,1,240,-42.76033263626729
Slotted Jerk,4,1,241,-19.88102537098393
Slotted Jerk,4,1,242,-17.06185005338371
Slotted Jerk,4,1,243,-1546.9191018497172
Slotted Jerk,4,1,244,-21.490094515757523
Slotted Jerk,4,1,245,-7.642642557273817
Slotted Jerk,4,1,246,-19.18345805782054
Slotted Jerk,4,1,247,-21.445033328544685
Slotted Jerk,4,1,248,-5.161379109725283
Slotted Jerk,4,1,249,-27.73344652981075
Slotted Jerk,4,1,250,-26.11414809687936
Slotted Jerk,4,1,251,-20.669772989672722
Slotted Jerk,4,1,252,-21.194699930689666
Slotted Jerk,4,1,253,-10.272098618629283
Slotted Jerk,4,1,254,-7.372434543034114
Slotted Jerk,4,1,255,-20.962449962346746
Slotted Jerk,4,1,256,-6.5754544482128345
Slotted Jerk,4,1,257,-27.246214577141735
Slotted Jerk,4,1,258,-79.030236921522
Slotted Jerk,4,1,259,-20.874174993038025
Slotted Jerk,4,1,260,-47.332787213442785
Slotted Jerk,4,1,261,-21.989135543899092
Slotted Jerk,4,1,262,-21.51552720812716
Slotted Jerk,4,1,263,-19.40098822986592
Slotted Jerk,4,1,264,-19.164466241580705
Slotted Jerk,4,1,265,-21.201436099323566
Slotted Jerk,4,1,266,-24.746055955238447
Slotted Jerk,4,1,267,-23.993304765888013
Slotted Jerk,4,1,268,-20.371542794861927
Slotted Jerk,4,1,269,-21.85544118657305
Slotted Jerk,4,1,270,-19.457304473682992
Slotted Jerk,4,1,271,-8.370674358962464
Slotted Jerk,4,1,272,-20.749307468309784
Slotted Jerk,4,1,273,-24.275786136115812
Slotted Jerk,4,1,274,-19.62016199298618
Slotted Jerk,4,1,275,-11.84754083144636
Slotted Jerk,4,1,276,-19.849123202969423
Slotted Jerk,4,1,277,-8.032792161973582
Slotted Jerk,4,1,278,-95.0885725318689
Slotted Jerk,4,1,279,-26.744952585829445
Slotted Jerk,4,1,280,-26.439773768202002
Slotted Jerk,4,1,281,-7.5407605338325965
Slotted Jerk,4,1,282,-7.531769850126736
Slotted Jerk,4,1,283,-20.960291474051655
Slotted Jerk,4,1,284,-12.056466254261117
Slotted Jerk,4,1,285,-24.2095047004805
Slotted Jerk,4,1,286,-627.9635599887552
Slotted Jerk,4,1,287,-3.508690025046505
Slotted Jerk,4,1,288,-8.949999999999932
Slotted Jerk,4,1,289,-22.44000000000017
Slotted Jerk,4,1,290,-20.867866701880807
Slotted Jerk,4,1,291,-27.97953784093629
Slotted Jerk,4,1,292,-23.060000000000265
Slotted Jerk,4,1,293,-22.7005836128508
Slotted Jerk,4,1,294,-19.121999280066948
Slotted Jerk,4,1,295,-19.25703190666355
Slotted Jerk,4,1,296,-19.954086708133225
Slotted Jerk,4,1,297,-23.923574478245087
Slotted Jerk,4,1,298,-22.713251343697586
Slotted Jerk,4,1,299,-23.360239619140472
Slotted Jerk,4,1,300,-19.138794630220374
Slotted Jerk,4,1,301,-458.3186212854054
Slotted Jerk,4,1,302,-23.234303247631473
Slotted Jerk,4,1,303,-19.25961690405879
Slotted Jerk,4,1,304,-26.863227382382277
Slotted Jerk,4,1,305,-25.106159779401636
Slotted Jerk,4,1,306,-24.475854962076333
Slotted Jerk,4,1,307,-20.09197616494475
Slotted Jerk,4,1,308,-24.21392256226634
Slotted Jerk,4,1,309,6.029965309942636
Slotted Jerk,4,1,310,-21.10799424899089
Slotted Jerk,4,1,311,-19.785385724615935
Slotted Jerk,4,1,312,-19.156433013816216
Slotted Jerk,4,1,313,-8.130412319446439
Slotted Jerk,4,1,314,-5.296363250664605
Slotted Jerk,4,1,315,-19.226439098046136
Slotted Jerk,4,1,316,-20.535181120284463
Slotted Jerk,4,1,317,-8.048234029019444
Slotted Jerk,4,1,318,-1837.7972898538417
Slotted Jerk,4,1,319,-24.228583379969457
Slotted Jerk,4,1,320,-25.379590303937675
Slotted Jerk,4,1,321,-23.060000000000265
Slotted Jerk,4,1,322,-24.296067350964506
Slotted Jerk,4,1,323,-19.91182979203146
Slotted Jerk,4,1,324,-22.057003600053186
Slotted Jerk,4,1,325,-19.173821624926603
Slotted Jerk,4,1,326,-7.367664524742583
Slotted Jerk,4,1,327,-22.18293160251195
Slotted Jerk,4,1,328,-1582.2082177555048
Slotted Jerk,4,1,329,-10.17555674587264
Slotted Jerk,4,1,330,-20.932255875031597
Slotted Jerk,4,1,331,-19.420564833520793
Slotted Jerk,4,1,332,-11.686337733861365
Slotted Jerk,4,1,333,-22.84785195988365
Slotted Jerk,4,1,334,-8.792004598549909
Slotted Jerk,4,1,335,-26.734718595708706
Slotted Jerk,4,1,336,-11.033567229591867
Slotted Jerk,4,1,337,-26.719273918625838
Slotted Jerk,4,1,338,-20.884466646380755
Slotted Jerk,4,1,339,-19.548375294804845
Slotted Jerk,4,1,340,-12.17812533814308
Slotted Jerk,4,1,341,-25.05216741878776
Slotted Jerk,4,1,342,-24.46276193107731
Slotted Jerk,4,1,343,-25.065905903372837
Slotted Jerk,4,1,344,-19.171422251220097
Slotted Jerk,4,1,345,-703.5318429313613
Slotted Jerk,4,1,346,-25.151927309405323
Slotted Jerk,4,1,347,-21.0629283015982
Slotted Jerk,4,1,348,-15.517651360483129
Slotted Jerk,4,1,349,-11.72818378495343
Slotted Jerk,4,1,350,-19.330938448771192
Slotted Jerk,4,1,351,-22.641913943170074
Slotted Jerk,4,1,352,-7.703649757369796
Slotted Jerk,4,1,353,-622.423825309899
Slotted Jerk,4,1,354,-26.29325221976702
Slotted Jerk,4,1,355,-4.883860394924497
Slotted Jerk,4,1,356,-15.543837710576156
Slotted Jerk,4,1,357,-21.075675124756547
Slotted Jerk,4,1,358,-24.102163610206944
Slotted Jerk,4,1,359,-11.40533249911216
Slotted Jerk,4,1,360,-10.813093953528249
Slotted Jerk,4,1,361,-24.469637495315148
Slotted Jerk,4,1,362,-19.302547119687308
Slotted Jerk,4,1,363,-8.479028234123362
Slotted Jerk,4,1,364,-27.11963518150204
Slotted Jerk,4,1,365,-115.76148749248784
Slotted Jerk,4,1,366,7.770159076195066
Slotted Jerk,4,1,367,-11.741605939061067
Slotted Jerk,4,1,368,-19.169335332905607
Slotted Jerk,4,1,369,-23.395881001084163
Slotted Jerk,4,1,370,6.16036928988372
Slotted Jerk,4,1,371,-20.959140302301385
Slotted Jerk,4,1,372,-20.57931877238092
Slotted Jerk,4,1,373,-25.115355436943993
Slotted Jerk,4,1,374,-21.92795760223248
Slotted Jerk,4,1,375,-22.019336005324952
Slotted Jerk,4,1,376,-22.323700752679514
Slotted Jerk,4,1,377,-24.455109927292412
Slotted Jerk,4,1,378,-23.93852916766177
Slotted Jerk,4,1,379,-24.938835333043706
Slotted Jerk,4,1,380,-8.376396238024189
Slotted Jerk,4,1,381,-21.976758662187663
Slotted Jerk,4,1,382,-226.14940945743768
Slotted Jerk,4,1,383,-9.66140445607751
Slotted Jerk,4,1,384,-20.29009995659636
Slotted Jerk,4,1,385,-21.141406937321154
Slotted Jerk,4,1,386,-27.229678674610014
Slotted Jerk,4,1,387,-9.730235081378794
Slotted Jerk,4,1,388,-2.422388594308927
Slotted Jerk,4,1,389,-12.250059981983714
Slotted Jerk,4,1,390,-22.79853579796285
Slotted Jerk,4,1,391,-8.949999999999932
Slotted Jerk,4,1,392,-1640.4488898893326
Slotted Jerk,4,1,393,-20.953409311777026
Slotted Jerk,4,1,394,-24.754711230241043
Slotted Jerk,4,1,395,-20.914438930903522
Slotted Jerk,4,1,396,-48.63814207581723
Slotted Jerk,4,1,397,-20.47113799708107
Slotted Jerk,4,1,398,-19.572072170838428
Slotted Jerk,4,1,399,-13.672489396526316
Slotted Jerk,4,1,400,-21.455221204199308
Slotted Jerk,4,1,401,-19.527735926439174
Slotted Jerk,4,1,402,-19.120161797713223
Slotted Jerk,4,1,403,-19.203463659660265
Slotted Jerk,4,1,404,-2050.2448836343983
Slotted Jerk,4,1,405,-0.7972379647922399
Slotted Jerk,4,1,406,-19.293437657354538
Slotted Jerk,4,1,407,-22.372839907932054
Slotted Jerk,4,1,408,-21.468513762257565
Slotted Jerk,4,1,409,-12.028205613650055
Slotted Jerk,4,1,410,1.1186414744123923
Slotted Jerk,4,1,411,-11.887377597857792
Slotted Jerk,4,1,412,-27.62228603290231
Slotted Jerk,4,1,413,-20.96187117664664
Slotted Jerk,4,1,414,-25.50572249922957
Slotted Jerk,4,1,415,-24.67435916975441
Slotted Jerk,4,1,416,6.48119331419878
Slotted Jerk,4,1,417,-20.96466338558016
Slotted Jerk,4,1,418,-22.997123926122043
Slotted Jerk,4,1,419,-26.202278781166243
Slotted Jerk,4,1,420,-37.28212062506797
Slotted Jerk,4,1,421,-19.14214676717373
Slotted Jerk,4,1,422,-21.237749642717358
Slotted Jerk,4,1,423,-7.38139775918107
Slotted Jerk,4,1,424,-20.542691414060407
Slotted Jerk,4,1,425,-24.773431297042066
Slotted Jerk,4,1,426,-25.643068369524535
Slotted Jerk,4,1,427,-7.381301169588646
Slotted Jerk,4,1,428,-8.165810148184981
Slotted Jerk,4,1,429,-21.0903452619081
Slotted Jerk,4,1,430,-21.837657077812402
Slotted Jerk,4,1,431,-7.5777056430473415
Slotted Jerk,4,1,432,-22.455234818430306
Slotted Jerk,4,1,433,-19.459936146163226
Slotted Jerk,4,1,434,-24.691182733730336
Slotted Jerk,4,1,435,-1380.4693312044562
Slotted Jerk,4,1,436,-19.43284400560606
Slotted Jerk,4,1,437,-21.471460729028028
Slotted Jerk,4,1,438,-20.645133101855198
Slotted Jerk,4,1,439,-20.197724385203006
Slotted Jerk,4,1,440,-25.128121484085128
Slotted Jerk,4,1,441,-22.70442950051754
Slotted Jerk,4,1,442,-11.402692565913707
Slotted Jerk,4,1,443,-21.309366446619723
Slotted Jerk,4,1,444,-23.273732889857477
Slotted Jerk,4,1,445,-1703.4155018027561
Slotted Jerk,4,1,446,-2392.105073590022
Slotted Jerk,4,1,447,-26.347523533249834
Slotted Jerk,4,1,448,-12.356655969645523
Slotted Jerk,4,1,449,-28.104205751049086
Slotted Jerk,4,1,450,-20.473462403213713
Slotted Jerk,4,1,451,-1664.1908523314787
Slotted Jerk,4,1,452,-19.316584465155895
Slotted Jerk,4,1,453,-27.321834388819468
Slotted Jerk,4,1,454,-4.244822976311591
Slotted Jerk,4,1,455,-23.060000000000265
Slotted Jerk,4,1,456,-21.578498738159368
Slotted Jerk,4,1,457,-19.834677318040356
Slotted Jerk,4,1,458,-8.23596366945694
Slotted Jerk,4,1,459,-20.995890311915122
Slotted Jerk,4,1,460,7.7587356116733375
Slotted Jerk,4,1,461,-27.0361237316702
Slotted Jerk,4,1,462,-2620.517987037818
Slotted Jerk,4,1,463,-19.460150148084182
Slotted Jerk,4,1,464,-26.304100553946625
Slotted Jerk,4,1,465,-19.174126456384165
Slotted Jerk,4,1,466,-19.697294928941243
Slotted Jerk,4,1,467,-22.12578843930634
Slotted Jerk,4,1,468,-20.841962080612383
Slotted Jerk,4,1,469,-21.10857279896889
Slotted Jerk,4,1,470,-19.881314081067394
Slotted Jerk,4,1,471,-2320.9315687054113
Slotted Jerk,4,1,472,-21.869435363852137
Slotted Jerk,4,1,473,-8.053023007343551
Slotted Jerk,4,1,474,-25.54835850267179
Slotted Jerk,4,1,475,-9.625794827227494
Slotted Jerk,4,1,476,-7.531224976830504
Slotted Jerk,4,1,477,-23.54858887575557
Slotted Jerk,4,1,478,-23.090539751125014
Slotted Jerk,4,1,479,-7.4912371808523766
Slotted Jerk,4,1,480,-11.664223495280599
Slotted Jerk,4,1,481,-7.944934842651218
Slotted Jerk,4,1,482,-26.232858748819993
Slotted Jerk,4,1,483,-1202.773938982586
Slotted Jerk,4,1,484,-7.959666612679975
Slotted Jerk,4,1,485,-23.345726707607625
Slotted Jerk,4,1,486,-20.85391864984051
Slotted Jerk,4,1,487,-8.220173420977744
Slotted Jerk,4,1,488,-20.833771123663244
Slotted Jerk,4,1,489,-9.518530564085822
Slotted Jerk,4,1,490,-24.252354026799672
Slotted Jerk,4,1,491,-24.956849662039858
Slotted Jerk,4,1,492,7.6147173026495665
Slotted Jerk,4,1,493,-7.499150838269944
Slotted Jerk,4,1,494,-19.16268659308979
Slotted Jerk,4,1,495,-18.732185142959217
Slotted Jerk,4,1,496,-23.21543918029505
Slotted Jerk,4,1,497,-23.562302169242855
Slotted Jerk,4,1,498,-21.059112607669913
Slotted Jerk,4,1,499,-11.173137900407333
Slotted Jerk,4,1,500,-11.951147087460257
Slotted Jerk,4,1,501,-27.64526574637457
Slotted Jerk,4,1,502,-25.859150578186274
Slotted Jerk,4,1,503,-25.193524159034617
Slotted Jerk,4,1,504,-20.68682095763424
Slotted Jerk,4,1,505,7.781578408841223
Slotted Jerk,4,1,506,-1794.624382357907
Slotted Jerk,4,1,507,-947.5367745134798
Slotted Jerk,4,1,508,-7.528133745520233
Slotted Jerk,4,1,509,-24.690720092632354
Slotted Jerk,4,1,510,-19.893014780493562
Slotted Jerk,4,1,511,-22.63775448715095
Slotted Jerk,4,1,512,-21.976275810720054
Slotted Jerk,4,1,513,-23.02320430502126
Slotted Jerk,4,1,514,-19.251970744959607
Slotted Jerk,4,1,515,-19.209178049753703
Slotted Jerk,4,1,516,-23.060000000000265
Slotted Jerk,4,1,517,4.108210825820257
Slotted Jerk,4,1,518,-9.649578678460493
Slotted Jerk,4,1,519,-26.540531136138277
Slotted Jerk,4,1,520,-24.86311653846085
Slotted Jerk,4,1,521,-19.50411791809699
Slotted Jerk,4,1,522,-19.166238519575217
Slotted Jerk,4,1,523,-24.679129255541113
Slotted Jerk,4,1,524,-22.28445497833092
Slotted Jerk,4,1,525,-1887.441450840459
Slotted Jerk,4,1,526,3.757219346322773
Slotted Jerk,4,1,527,-7.369726838519352
Slotted Jerk,4,1,528,-452.78571491673773
Slotted Jerk,4,1,529,-2537.6341365800477
Slotted Jerk,4,1,530,-21.297164810338334
Slotted Jerk,4,1,531,-7.941386687982458
Slotted Jerk,4,1,532,-27.256578211137025
Slotted Jerk,4,1,533,-21.30758568051654
Slotted Jerk,4,1,534,-24.782467414921683
Slotted Jerk,4,1,535,-27.745234039027366
Slotted Jerk,4,1,536,-20.886432575107534
Slotted Jerk,4,1,537,-23.804483159976918
Slotted Jerk,4,1,538,4.54165414203802
Slotted Jerk,4,1,539,-841.4630865030748
Slotted Jerk,4,1,540,-21.17227788851154
Slotted Jerk,4,1,541,-24.94086626362469
Slotted Jerk,4,1,542,-26.656604330544326
Slotted Jerk,4,1,543,3.9078706251157094
Slotted Jerk,4,1,544,-20.809935055353847
Slotted Jerk,4,1,545,-20.253713057213485
Slotted Jerk,4,1,546,-21.075976142732948
Slotted Jerk,4,1,547,-2267.928226548511
Slotted Jerk,4,1,548,-27.56478981957156
Slotted Jerk,4,1,549,-21.528280017506106
Slotted Jerk,4,1,550,-698.0516664196402
Slotted Jerk,4,1,551,-1165.6354424236943
Slotted Jerk,4,1,552,-3.1432051505408065
Slotted Jerk,4,1,553,-10.721647447930206
Slotted Jerk,4,1,554,-25.13007750860693
Slotted Jerk,4,1,555,-1053.6286162218757
Slotted Jerk,4,1,556,-19.349961892453955
Slotted Jerk,4,1,557,-27.290096198842484
Slotted Jerk,4,1,558,-10.033562771960998
Slotted Jerk,4,1,559,-20.519816647567517
Slotted Jerk,4,1,560,-12.364392132134181
Slotted Jerk,4,1,561,-25.854369008148538
Slotted Jerk,4,1,562,5.469485277783546
Slotted Jerk,4,1,563,-22.431934817037742
Slotted Jerk,4,1,564,-8.691523519650037
Slotted Jerk,4,1,565,-1453.8646115179276
Slotted Jerk,4,1,566,-57.04354252726431
Slotted Jerk,4,1,567,-22.535386371818944
Slotted Jerk,4,1,568,-21.691383303043253
Slotted Jerk,4,1,569,-7.7062438763614765
Slotted Jerk,4,1,570,-26.915057303802335
Slotted Jerk,4,1,571,7.1796466740072376
Slotted Jerk,4,1,572,-19.407315360564663
Slotted Jerk,4,1,573,-28.318623285734958
Slotted Jerk,4,1,574,-1349.5661791186055
Slotted Jerk,4,1,575,-19.937549215817466
Slotted Jerk,4,1,576,-9.089161734413889
Slotted Jerk,4,1,577,-28.0074564886578
Slotted Jerk,4,1,578,-23.060000000000265
Slotted Jerk,4,1,579,-23.812650186683626
Slotted Jerk,4,1,580,-7.417037989102745
Slotted Jerk,4,1,581,-11.254056271852797
Slotted Jerk,4,1,582,-12.343391488939918
Slotted Jerk,4,1,583,-22.985370080647876
Slotted Jerk,4,1,584,-21.133717939721656
Slotted Jerk,4,1,585,1.9348091902735423
Slotted Jerk,4,1,586,-24.09499675613464
Slotted Jerk,4,1,587,-20.107377328422324
Slotted Jerk,4,1,588,-26.62647179518286
Slotted Jerk,4,1,589,-53.2004681214646
Slotted Jerk,4,1,590,-19.21994256444738
Slotted Jerk,4,1,591,-26.753384609483447
Slotted Jerk,4,1,592,-7.479943895747155
Slotted Jerk,4,1,593,-9.373051413420868
Slotted Jerk,4,1,594,-23.060000000000265
Slotted Jerk,4,1,595,-19.279020212142893
Slotted Jerk,4,1,596,-23.611284282576634
Slotted Jerk,4,1,597,-9.858074556186633
Slotted Jerk,4,1,598,-10.527133716666999
Slotted Jerk,4,1,599,-19.30405081698479
Slotted Jerk,4,1,600,-22.876141870042048
Slotted Jerk,4,1,601,-27.327514882933514
Slotted Jerk,4,1,602,-1765.795502288536
Slotted Jerk,4,1,603,-27.852032853691206
Slotted Jerk,4,1,604,-22.418583080077603
Slotted Jerk,4,1,605,-78.5592344107387
Slotted Jerk,4,1,606,-7.4279918247505705
Slotted Jerk,4,1,607,-830.7962438893786
Slotted Jerk,4,1,608,-19.168974755216944
Slotted Jerk,4,1,609,-23.58730906654371
Slotted Jerk,4,1,610,-26.331298632983497
Slotted Jerk,4,1,611,-11.659940183464158
Slotted Jerk,4,1,612,3.804259976965997
Slotted Jerk,4,1,613,-19.233356960524482
Slotted Jerk,4,1,614,5.744304449848841
Slotted Jerk,4,1,615,-0.42121680692797625
Slotted Jerk,4,1,616,-8.562550404682664
Slotted Jerk,4,1,617,-21.215840887893144
Slotted Jerk,4,1,618,-22.17561531750581
Slotted Jerk,4,1,619,-51.10143865492511
Slotted Jerk,4,1,620,-19.171660574596018
Slotted Jerk,4,1,621,-19.297064671589975
Slotted Jerk,4,1,622,-1515.4944408871468
Slotted Jerk,4,1,623,-45.79149966884235
Slotted Jerk,4,1,624,-56.78657406392121
Slotted Jerk,4,1,625,-2840.309887269192
Slotted Jerk,4,1,626,-8.685739181904975
Slotted Jerk,4,1,627,-7.723665872038705
Slotted Jerk,4,1,628,-19.857351781922713
Slotted Jerk,4,1,629,-19.974651664860136
Slotted Jerk,4,1,630,-25.273960592677952
Slotted Jerk,4,1,631,-11.85625445287295
Slotted Jerk,4,1,632,-3.867921008685462
Slotted Jerk,4,1,633,-3118.0267120826743
Slotted Jerk,4,1,634,-24.47812228134032
Slotted Jerk,4,1,635,-19.49383013544972
Slotted Jerk,4,1,636,-28.809612949787876
Slotted Jerk,4,1,637,-5.2622156039647905
Slotted Jerk,4,1,638,-22.88394816983385
Slotted Jerk,4,1,639,-19.53718622370475
Slotted Jerk,4,1,640,-19.255194142870458
Slotted Jerk,4,1,641,-26.532798898154887
Slotted Jerk,4,1,642,-19.91050715468254
Slotted Jerk,4,1,643,-23.09265054935019
Slotted Jerk,4,1,644,-19.1976080152992
Slotted Jerk,4,1,645,-11.801247080404849
Slotted Jerk,4,1,646,-19.200250609567675
Slotted Jerk,4,1,647,7.653652520790745
Slotted Jerk,4,1,648,-24.938061531244458
Slotted Jerk,4,1,649,4.030767895820655
Slotted Jerk,4,1,650,-23.060000000000265
Slotted Jerk,4,1,651,-34.78710980091407
Slotted Jerk,4,1,652,-7.883994263697964
Slotted Jerk,4,1,653,-20.246134820052138
Slotted Jerk,4,1,654,-8.420014917115566
Slotted Jerk,4,1,655,6.869672913782246
Slotted Jerk,4,1,656,-22.4224417438447
Slotted Jerk,4,1,657,-1795.1035465979637
Slotted Jerk,4,1,658,-23.0460106767437
Slotted Jerk,4,1,659,-23.258808308626627
Slotted Jerk,4,1,660,-19.313713199801114
Slotted Jerk,4,1,661,-11.376944272125133
Slotted Jerk,4,1,662,-27.812427698009316
Slotted Jerk,4,1,663,-26.197932926919485
Slotted Jerk,4,1,664,-20.485798300656768
Slotted Jerk,4,1,665,-19.72848675247614
Slotted Jerk,4,1,666,-23.46903084543539
Slotted Jerk,4,1,667,-27.045858779169244
Slotted Jerk,4,1,668,-26.34968860720999
Slotted Jerk,4,1,669,-20.479737195350964
Slotted Jerk,4,1,670,-20.081460782276835
Slotted Jerk,4,1,671,-18.72762179198577
Slotted Jerk,4,1,672,-22.947093155180255
Slotted Jerk,4,1,673,-24.617267492833243
Slotted Jerk,4,1,674,-7.367572591292429
Slotted Jerk,4,1,675,-8.223812127762624
Slotted Jerk,4,1,676,-27.24570223062407
Slotted Jerk,4,1,677,7.620528877499709
Slotted Jerk,4,1,678,-19.140567677459714
Slotted Jerk,4,1,679,-25.777946680573166
Slotted Jerk,4,1,680,-27.492911337322113
Slotted Jerk,4,1,681,-1937.431765029791
Slotted Jerk,4,1,682,-0.55914069114427
Slotted Jerk,4,1,683,-7.821116886696906
Slotted Jerk,4,1,684,7.307542418859885
Slotted Jerk,4,1,685,-21.120973403850304
Slotted Jerk,4,1,686,-11.198172553388982
Slotted Jerk,4,1,687,-19.49595011955918
Slotted Jerk,4,1,688,-27.78357799905067
Slotted Jerk,4,1,689,-12.216435763636806
Slotted Jerk,4,1,690,-8.949999999999932
Slotted Jerk,4,1,691,-25.719993627965884
Slotted Jerk,4,1,692,-7.37078681436191
Slotted Jerk,4,1,693,-756.6264572628695
Slotted Jerk,4,1,694,-10.968264712285428
Slotted Jerk,4,1,695,-21.22023833401305
Slotted Jerk,4,1,696,-2186.929913353981
Slotted Jerk,4,1,697,-21.45078706772903
Slotted Jerk,4,1,698,-19.811810980858255
Slotted Jerk,4,1,699,-22.163848652099176
Slotted Jerk,4,1,700,-23.140145095797145
Slotted Jerk,4,1,701,-2185.6513703731152
Slotted Jerk,4,1,702,-20.39886167021486
Slotted Jerk,4,1,703,7.559433605076947
Slotted Jerk,4,1,704,-20.972855080228094
Slotted Jerk,4,1,705,-26.472165525106384
Slotted Jerk,4,1,706,-19.46105256188066
Slotted Jerk,4,1,707,-29.544294659103947
Slotted Jerk,4,1,708,1.3425673123414619
Slotted Jerk,4,1,709,-19.29350926456344
Slotted Jerk,4,1,710,-12.148386839112163
Slotted Jerk,4,1,711,-9.020090666201554
Slotted Jerk,4,1,712,-20.437219271260414
Slotted Jerk,4,1,713,-25.954324765043374
Slotted Jerk,4,1,714,-22.285852665350653
Slotted Jerk,4,1,715,-1971.3487168354504
Slotted Jerk,4,1,716,-12.277797339117985
Slotted Jerk,4,1,717,-22.804956436874768
Slotted Jerk,4,1,718,-902.6323313288174
Slotted Jerk,4,1,719,-7.896066230593664
Slotted Jerk,4,1,720,-19.39163901668631
Slotted Jerk,4,1,721,-19.368653638057665
Slotted Jerk,4,1,722,-19.912188874446777
Slotted Jerk,4,1,723,-20.572091681459412
Slotted Jerk,4,1,724,-196.78846029948986
Slotted Jerk,4,1,725,-19.171948946078608
Slotted Jerk,4,1,726,-21.814427354255482
Slotted Jerk,4,1,727,-24.5761834482346
Slotted Jerk,4,1,728,-7.594129192021857
Slotted Jerk,4,1,729,-27.80909513168544
Slotted Jerk,4,1,730,-463.49497552940255
Slotted Jerk,4,1,731,-21.939861003483955
Slotted Jerk,4,1,732,-19.798537438364537
Slotted Jerk,4,1,733,-20.209480070398946
Slotted Jerk,4,1,734,-20.36123898492896
Slotted Jerk,4,1,735,-21.09358036214843
Slotted Jerk,4,1,736,-12.70607102383288
Slotted Jerk,4,1,737,-20.00806280237028
Slotted Jerk,4,1,738,5.241236661802878
Slotted Jerk,4,1,739,-24.61456680108801
Slotted Jerk,4,1,740,-8.471403625156313
Slotted Jerk,4,1,741,-23.060000000000265
Slotted Jerk,4,1,742,-26.12185254194147
Slotted Jerk,4,1,743,-9.563957382190054
Slotted Jerk,4,1,744,-27.234254800441924
Slotted Jerk,4,1,745,-26.919460549898368
Slotted Jerk,4,1,746,-10.978439865384086
Slotted Jerk,4,1,747,-19.63179325409491
Slotted Jerk,4,1,748,-19.677419727320707
Slotted Jerk,4,1,749,-20.797177528161413
Slotted Jerk,4,1,750,-1154.7710824147132
Slotted Jerk,4,1,751,-20.175091215272886
Slotted Jerk,4,1,752,-19.182039301107572
Slotted Jerk,4,1,753,-20.52753959105558
Slotted Jerk,4,1,754,5.8985585071108595
Slotted Jerk,4,1,755,-0.39331812750388195
Slotted Jerk,4,1,756,-9.639513914486717
Slotted Jerk,4,1,757,-19.16135408958494
Slotted Jerk,4,1,758,-21.975611736087114
Slotted Jerk,4,1,759,-11.610500373571572
Slotted Jerk,4,1,760,6.1478599052413365
Slotted Jerk,4,1,761,-19.293806117884447
Slotted Jerk,4,1,762,-9.485159251767033
Slotted Jerk,4,1,763,-27.483362523756007
Slotted Jerk,4,1,764,-24.72882346651477
Slotted Jerk,4,1,765,6.62366653103027
Slotted Jerk,4,1,766,-7.452728339045056
Slotted Jerk,4,1,767,-20.478631954387453
Slotted Jerk,4,1,768,-19.27119593037939
Slotted Jerk,4,1,769,-26.70111551584767
Slotted Jerk,4,1,770,-24.408413458398343
Slotted Jerk,4,1,771,-21.314095812648713
Slotted Jerk,4,1,772,-1399.8085216664854
Slotted Jerk,4,1,773,-27.084608820118092
Slotted Jerk,4,1,774,-24.965572733136007
Slotted Jerk,4,1,775,-26.232078286831182
Slotted Jerk,4,1,776,7.332381449546768
Slotted Jerk,4,1,777,-6.998512252050432
Slotted Jerk,4,1,778,-802.1251962239746
Slotted Jerk,4,1,779,-8.746014601638024
Slotted Jerk,4,1,780,-20.107601227895696
Slotted Jerk,4,1,781,-25.151111960174042
Slotted Jerk,4,1,782,-19.88629682400242
Slotted Jerk,4,1,783,-12.924342499911912
Slotted Jerk,4,1,784,-8.266998795485524
Slotted Jerk,4,1,785,-1464.023553955436
Slotted Jerk,4,1,786,-1905.993488464164
Slotted Jerk,4,1,787,-7.480680503837455
Slotted Jerk,4,1,788,-19.40599558668058
Slotted Jerk,4,1,789,-28.145614811802396
Slotted Jerk,4,1,790,-7.897931786266991
Slotted Jerk,4,1,791,-20.894762851285616
Slotted Jerk,4,1,792,-20.007509356397822
Slotted Jerk,4,1,793,-19.572391885541546
Slotted Jerk,4,1,794,-25.73335100424267
Slotted Jerk,4,1,795,-21.36765978437875
Slotted Jerk,4,1,796,-18.554375427256204
Slotted Jerk,4,1,797,-7.547051934934139
Slotted Jerk,4,1,798,-2695.5029597055277
Slotted Jerk,4,1,799,-24.16516573194415
Slotted Jerk,4,1,800,-22.26156183224358
Slotted Jerk,4,1,801,-21.74679105814512
Slotted Jerk,4,1,802,-7.49731302976355
Slotted Jerk,4,1,803,-9.28361971196222
Slotted Jerk,4,1,804,-25.312318873935467
Slotted Jerk,4,1,805,-19.17763503868733
Slotted Jerk,4,1,806,-19.458493185231156
Slotted Jerk,4,1,807,-23.58000215706653
Slotted Jerk,4,1,808,-22.83643405573043
Slotted Jerk,4,1,809,-25.10601651640934
Slotted Jerk,4,1,810,-23.203953741934406
Slotted Jerk,4,1,811,-27.38272331608419
Slotted Jerk,4,1,812,-9.607751197369506
Slotted Jerk,4,1,813,-1591.462975256277
Slotted Jerk,4,1,814,-19.787063549465675
Slotted Jerk,4,1,815,-10.734528516646414
Slotted Jerk,4,1,816,6.240660846478195
Slotted Jerk,4,1,817,-8.841221471447977
Slotted Jerk,4,1,818,-846.7894253904459
Slotted Jerk,4,1,819,-26.31571288992543
Slotted Jerk,4,1,820,-7.428077463380628
Slotted Jerk,4,1,821,-14.693360086331971
Slotted Jerk,4,1,822,-2921.5319629134747
Slotted Jerk,4,1,823,-7.572296268703983
Slotted Jerk,4,1,824,-19.3136243742143
Slotted Jerk,4,1,825,-26.184581998170003
Slotted Jerk,4,1,826,-20.56060225290706
Slotted Jerk,4,1,827,-25.69918062255403
Slotted Jerk,4,1,828,-19.357923347281943
Slotted Jerk,4,1,829,-20.67854850628813
Slotted Jerk,4,1,830,-19.564189778248235
Slotted Jerk,4,1,831,-278.3744142250669
Slotted Jerk,4,1,832,-1522.3961054050658
Slotted Jerk,4,1,833,-25.14337870966738
Slotted Jerk,4,1,834,-25.634103310586767
Slotted Jerk,4,1,835,-1308.2827609896058
Slotted Jerk,4,1,836,-7.441371159335411
Slotted Jerk,4,1,837,-25.712508017080403
Slotted Jerk,4,1,838,-24.51464527168239
Slotted Jerk,4,1,839,-24.160535816367748
Slotted Jerk,4,1,840,1.0205009259044857
Slotted Jerk,4,1,841,-22.72496862898563
Slotted Jerk,4,1,842,-8.141152717474991
Slotted Jerk,4,1,843,-8.949999999999932
Slotted Jerk,4,1,844,-27.053306547773367
Slotted Jerk,4,1,845,-8.020030377532333
Slotted Jerk,4,1,846,-22.18958920898291
Slotted Jerk,4,1,847,-10.64709487302088
Slotted Jerk,4,1,848,-19.160549822348795
Slotted Jerk,4,1,849,-19.97544587744113
Slotted Jerk,4,1,850,-7.499668164614764
Slotted Jerk,4,1,851,-26.867764001140664
Slotted Jerk,4,1,852,-2.934901338662197
Slotted Jerk,4,1,853,-8.949999999999932
Slotted Jerk,4,1,854,-1400.4369803571549
Slotted Jerk,4,1,855,-27.892738106894953
Slotted Jerk,4,1,856,-19.211774912015862
Slotted Jerk,4,1,857,-23.99247244261538
Slotted Jerk,4,1,858,-19.289938271994632
Slotted Jerk,4,1,859,-28.043762574409676
Slotted Jerk,4,1,860,-26.562289903608985
Slotted Jerk,4,1,861,-63.565060277469684
Slotted Jerk,4,1,862,-25.44336904575342
Slotted Jerk,4,1,863,-22.555604820490153
Slotted Jerk,4,1,864,-19.743422412913464
Slotted Jerk,4,1,865,-53.535767907135984
Slotted Jerk,4,1,866,-19.203252785876984
Slotted Jerk,4,1,867,-21.070441785975525
Slotted Jerk,4,1,868,-27.97320224016606
Slotted Jerk,4,1,869,-20.11702910992193
Slotted Jerk,4,1,870,-4.707254255270694
Slotted Jerk,4,1,871,-19.163213302421553
Slotted Jerk,4,1,872,-1045.8400379735738
Slotted Jerk,4,1,873,-8.949999999999932
Slotted Jerk,4,1,874,-27.140093361918304
Slotted Jerk,4,1,875,-9.738241432953991
Slotted Jerk,4,1,876,-26.525579168250573
Slotted Jerk,4,1,877,-23.48706706671804
Slotted Jerk,4,1,878,-19.59696716145004
Slotted Jerk,4,1,879,-21.30490110073084
Slotted Jerk,4,1,880,-27.300793897797085
Slotted Jerk,4,1,881,-19.585732380893617
Slotted Jerk,4,1,882,-7.69021528492317
Slotted Jerk,4,1,883,-27.55522754415336
Slotted Jerk,4,1,884,-21.69231247056144
Slotted Jerk,4,1,885,-10.945501358036779
Slotted Jerk,4,1,886,-25.04583352580663
Slotted Jerk,4,1,887,-22.383593447220065
Slotted Jerk,4,1,888,-15.899161550113178
Slotted Jerk,4,1,889,-19.73314679587019
Slotted Jerk,4,1,890,-38.92046656044564
Slotted Jerk,4,1,891,4.580537598416442
Slotted Jerk,4,1,892,3.605266927071658
Slotted Jerk,4,1,893,-23.827741478289106
Slotted Jerk,4,1,894,-17.355592469930205
Slotted Jerk,4,1,895,-20.615444716892632
Slotted Jerk,4,1,896,-831.9482200595774
Slotted Jerk,4,1,897,-19.212448828836262
Slotted Jerk,4,1,898,-19.35436573813241
Slotted Jerk,4,1,899,-19.314991811539787
Slotted Jerk,4,1,900,-21.19429505878237
Slotted Jerk,4,1,901,7.822618234490315
Slotted Jerk,4,1,902,-23.060000000000265
Slotted Jerk,4,1,903,-19.196439682474317
Slotted Jerk,4,1,904,-211.2390024587564
Slotted Jerk,4,1,905,7.504456493320123
Slotted Jerk,4,1,906,-7.406355186504356
Slotted Jerk,4,1,907,4.500038569261421
Slotted Jerk,4,1,908,-27.660055892679708
Slotted Jerk,4,1,909,-20.69020852462433
Slotted Jerk,4,1,910,-18.988444457899366
Slotted Jerk,4,1,911,-22.496655731838366
Slotted Jerk,4,1,912,-19.651924447258253
Slotted Jerk,4,1,913,-22.179564843487427
Slotted Jerk,4,1,914,-19.35569534329281
Slotted Jerk,4,1,915,-20.37118980904766
Slotted Jerk,4,1,916,-26.71097117038788
Slotted Jerk,4,1,917,-19.572141956341277
Slotted Jerk,4,1,918,-43.79171288990037
Slotted Jerk,4,1,919,-24.74098850256251
Slotted Jerk,4,1,920,-21.219922331885684
Slotted Jerk,4,1,921,-20.549543272489036
Slotted Jerk,4,1,922,-19.208753035194032
Slotted Jerk,4,1,923,7.235964358891501
Slotted Jerk,4,1,924,-19.255153734288786
Slotted Jerk,4,1,925,-27.861737681547055
Slotted Jerk,4,1,926,-20.092338733238993
Slotted Jerk,4,1,927,-22.92654084804704
Slotted Jerk,4,1,928,-19.507873779722743
Slotted Jerk,4,1,929,-19.222551137464603
Slotted Jerk,4,1,930,-25.054337504386837
Slotted Jerk,4,1,931,-22.441106683975676
Slotted Jerk,4,1,932,-36.82987377049935
Slotted Jerk,4,1,933,-8.025261789097108
Slotted Jerk,4,1,934,-7.377948353603269
Slotted Jerk,4,1,935,-785.653343482727
Slotted Jerk,4,1,936,3.1306661051980678
Slotted Jerk,4,1,937,-2296.337502129285
Slotted Jerk,4,1,938,-23.600646143162606
Slotted Jerk,4,1,939,-14.794815887261286
Slotted Jerk,4,1,940,-1.3762800577379188
Slotted Jerk,4,1,941,-1874.6697814436209
Slotted Jerk,4,1,942,-27.743974314828186
Slotted Jerk,4,1,943,-19.6633408329219
Slotted Jerk,4,1,944,-25.530167850588924
Slotted Jerk,4,1,945,-2542.168422944861
Slotted Jerk,4,1,946,-19.251007095629106
Slotted Jerk,4,1,947,-22.89435351348989
Slotted Jerk,4,1,948,-22.79780045056861
Slotted Jerk,4,1,949,-20.118364005976595
Slotted Jerk,4,1,950,-11.06410086780392
Slotted Jerk,4,1,951,-20.553764401655258
Slotted Jerk,4,1,952,-8.777503271979935
Slotted Jerk,4,1,953,-9.076469647713274
Slotted Jerk,4,1,954,7.439562993854723
Slotted Jerk,4,1,955,2.9986832827799255
Slotted Jerk,4,1,956,-19.476569474775832
Slotted Jerk,4,1,957,6.825817422958012
Slotted Jerk,4,1,958,-19.17991332171384
Slotted Jerk,4,1,959,-18.54250307808839
Slotted Jerk,4,1,960,-20.078067600568787
Slotted Jerk,4,1,961,-7.448165266902638
Slotted Jerk,4,1,962,-19.170683031350016
Slotted Jerk,4,1,963,-7.51308901052392
Slotted Jerk,4,1,964,-26.49223044147528
Slotted Jerk,4,1,965,-7.7274024072054175
Slotted Jerk,4,1,966,3.3332765256943127
Slotted Jerk,4,1,967,-19.510903621119237
Slotted Jerk,4,1,968,-19.88205807993695
Slotted Jerk,4,1,969,-25.772948196823315
Slotted Jerk,4,1,970,-19.85224189577867
Slotted Jerk,4,1,971,0.858169950711142
Slotted Jerk,4,1,972,7.78184170959757
Slotted Jerk,4,1,973,-25.643746767052278
Slotted Jerk,4,1,974,6.151719847708437
Slotted Jerk,4,1,975,-21.581655516787414
Slotted Jerk,4,1,976,-7.5305844452541635
Slotted Jerk,4,1,977,-19.618251936561535
Slotted Jerk,4,1,978,-22.95690633860066
Slotted Jerk,4,1,979,-26.054718721255483
Slotted Jerk,4,1,980,-23.060000000000265
Slotted Jerk,4,1,981,-8.885720082113071
Slotted Jerk,4,1,982,-11.820811278221662
Slotted Jerk,4,1,983,-23.984605121787126
Slotted Jerk,4,1,984,-26.093113036910474
Slotted Jerk,4,1,985,-8.03276753350887
Slotted Jerk,4,1,986,-20.68697657156699
Slotted Jerk,4,1,987,-8.70248363884469
Slotted Jerk,4,1,988,-21.78697693842065
Slotted Jerk,4,1,989,-9.812256940562573
Slotted Jerk,4,1,990,-52.371710071376924
Slotted Jerk,4,1,991,-19.829896985203778
Slotted Jerk,4,1,992,-19.437198697491887
Slotted Jerk,4,1,993,-8.949999999999932
Slotted Jerk,4,1,994,-10.049775972594041
Slotted Jerk,4,1,995,-22.44944515473786
Slotted Jerk,4,1,996,-19.08059909185456
Slotted Jerk,4,1,997,-8.44240280113101
Slotted Jerk,4,1,998,-26.8073020918931
Slotted Jerk,4,1,999,-7.731123935993441
Shaped,3,2,0,19.200581729344783
Shaped,3,2,1,19.455479080486715
Shaped,3,2,2,19.342952838232378
Shaped,3,2,3,-32.94912025572303
Shaped,3,2,4,19.430733419782698
Shaped,3,2,5,19.28574702332425
Shaped,3,2,6,19.36700626939203
Shaped,3,2,7,19.97753525163315
Shaped,3,2,8,19.43005239523159
Shaped,3,2,9,19.834491911784966
Shaped,3,2,10,-31.389414300856707
Shaped,3,2,11,19.373019194755102
Shaped,3,2,12,19.366280316264476
Shaped,3,2,13,19.32410512812433
Shaped,3,2,14,19.426655658746885
Shaped,3,2,15,19.45743479947378
Shaped,3,2,16,-19.618500137136788
Shaped,3,2,17,19.696099547223
Shaped,3,2,18,19.448897301108182
Shaped,3,2,19,19.716316464697513
Shaped,3,2,20,16.083660200771952
Shaped,3,2,21,19.434811299227704
Shaped,3,2,22,19.253487624025308
Shaped,3,2,23,19.470583545342144
Shaped,3,2,24,-39.23210830123156
Shaped,3,2,25,19.827054917600456
Shaped,3,2,26,19.31094450248512
Shaped,3,2,27,18.97187366593367
Shaped,3,2,28,19.630326793631003
Shaped,3,2,29,19.44785807922937
Shaped,3,2,30,-30.067832904092903
Shaped,3,2,31,19.269509867361982
Shaped,3,2,32,19.73905997138635
Shaped,3,2,33,19.985177209048924
Shaped,3,2,34,19.702746576487
Shaped,3,2,35,19.40569072469018
Shaped,3,2,36,19.718747999985478
Shaped,3,2,37,19.74329547330362
Shaped,3,2,38,19.32911220412486
Shaped,3,2,39,19.305932464319046
Shaped,3,2,40,19.778355667523556
Shaped,3,2,41,19.353964089817097
Shaped,3,2,42,19.277732451363384
Shaped,3,2,43,19.765733118941185
Shaped,3,2,44,19.98804126280827
Shaped,3,2,45,19.889802596414377
Shaped,3,2,46,19.755669962391902
Shaped,3,2,47,19.445791933564873
Shaped,3,2,48,-13.160899236775471
Shaped,3,2,49,19.438754502027496
Shaped,3,2,50,19.429885713991112
Shaped,3,2,51,19.299313664827658
Shaped,3,2,52,19.28989850353848
Shaped,3,2,53,19.315531661885487
Shaped,3,2,54,19.34488373554079
Shaped,3,2,55,20.410043958949156
Shaped,3,2,56,19.276707675938866
Shaped,3,2,57,19.66213798663572
Shaped,3,2,58,19.426328660248295
Shaped,3,2,59,19.739033626352747
Shaped,3,2,60,19.290774347932036
Shaped,3,2,61,19.289253539438032
Shaped,3,2,62,19.42704692587303
Shaped,3,2,63,19.233716274266047
Shaped,3,2,64,19.916845698527634
Shaped,3,2,65,19.362788764515408
Shaped,3,2,66,19.366873425375044
Shaped,3,2,67,19.747787011374744
Shaped,3,2,68,5.264921145623074
Shaped,3,2,69,19.29728149861303
Shaped,3,2,70,19.748529973498552
Shaped,3,2,71,19.404014136318693
Shaped,3,2,72,19.359161881125218
Shaped,3,2,73,19.251036744629147
Shaped,3,2,74,19.48279137600446
Shaped,3,2,75,-5.985285491874178
Shaped,3,2,76,19.347039220125744
Shaped,3,2,77,19.466020108624253
Shaped,3,2,78,19.73366071782703
Shaped,3,2,79,19.336844499981197
Shaped,3,2,80,19.714612359365084
Shaped,3,2,81,19.466430065930975
Shaped,3,2,82,-17.34935821394548
Shaped,3,2,83,19.743665976055805
Shaped,3,2,84,19.34899528244656
Shaped,3,2,85,19.38980167396382
Shaped,3,2,86,19.447534300065065
Shaped,3,2,87,19.751228673883503
Shaped,3,2,88,11.702920819555558
Shaped,3,2,89,19.681858523105614
Shaped,3,2,90,19.98916557184659
Shaped,3,2,91,19.899322503402384
Shaped,3,2,92,19.65299406314563
Shaped,3,2,93,18.79129303699043
Shaped,3,2,94,19.98153465094058
Shaped,3,2,95,19.301821449884713
Shaped,3,2,96,19.403297703620176
Shaped,3,2,97,19.753555030331476
Shaped,3,2,98,19.402466730911367
Shaped,3,2,99,19.23292111983155
Shaped,3,2,100,19.351029946788447
Shaped,3,2,101,19.688295110398208
Shaped,3,2,102,19.278683979079506
Shaped,3,2,103,15.74520497864961
Shaped,3,2,104,19.21259169833045
Shaped,3,2,105,19.357836151178095
Shaped,3,2,106,19.931470145658736
Shaped,3,2,107,-6.4491056403943325
Shaped,3,2,108,19.350821146468956
Shaped,3,2,109,19.409605188190255
Shaped,3,2,110,19.904404561588322
Shaped,3,2,111,17.693086306219712
Shaped,3,2,112,19.56561187151891
Shaped,3,2,113,15.888240697586081
Shaped,3,2,114,19.885486665210358
Shaped,3,2,115,19.482379946946097
Shaped,3,2,116,19.294431613282157
Shaped,3,2,117,19.482393604432076
Shaped,3,2,118,19.740620610823957
Shaped,3,2,119,19.313867316477317
Shaped,3,2,120,19.910583195862635
Shaped,3,2,121,19.442494829114082
Shaped,3,2,122,19.69275372190023
Shaped,3,2,123,19.76626239583966
Shaped,3,2,124,15.108617372790274
Shaped,3,2,125,19.441612577796604
Shaped,3,2,126,19.377819529357343
Shaped,3,2,127,19.38327634357869
Shaped,3,2,128,19.95735303216219
Shaped,3,2,129,19.754094734173798
Shaped,3,2,130,15.84225544638474
Shaped,3,2,131,19.36941330129156
Shaped,3,2,132,19.32425053707115
Shaped,3,2,133,19.906631715840163
Shaped,3,2,134,19.412266172806298
Shaped,3,2,135,19.801708760631282
Shaped,3,2,136,19.731967172390277
Shaped,3,2,137,19.31436520206413
Shaped,3,2,138,19.91761291015537
Shaped,3,2,139,19.75259487973527
Shaped,3,2,140,19.7385954645114
Shaped,3,2,141,19.361329085300724
Shaped,3,2,142,19.30391293366415
Shaped,3,2,143,-11.952490797998372
Shaped,3,2,144,19.818373387375562
Shaped,3,2,145,14.782815380055776
Shaped,3,2,146,17.953818093721466
Shaped,3,2,147,19.350781565290482
Shaped,3,2,148,19.182026883225213
Shaped,3,2,149,19.486896199219085
Shaped,3,2,150,19.755336992458446
Shaped,3,2,151,19.2346610630685
Shaped,3,2,152,19.741833030469063
Shaped,3,2,153,19.41353230815003
Shaped,3,2,154,19.455724222302816
Shaped,3,2,155,19.43990877168646
Shaped,3,2,156,19.789978733433927
Shaped,3,2,157,19.44503062609175
Shaped,3,2,158,19.327332633250663
Shaped,3,2,159,19.43962990034429
Shaped,3,2,160,19.690222474348033
Shaped,3,2,161,19.392304156427222
Shaped,3,2,162,19.443600749431926
Shaped,3,2,163,19.68077370361763
Shaped,3,2,164,19.23292111983155
Shaped,3,2,165,19.389616355791464
Shaped,3,2,166,19.65200145176817
Shaped,3,2,167,19.352884138046438
Shaped,3,2,168,19.744767801791113
Shaped,3,2,169,19.325292104093464
Shaped,3,2,170,19.327483168510923
Shaped,3,2,171,16.533533027736212
Shaped,3,2,172,20.163334237462383
Shaped,3,2,173,19.942469860124085
Shaped,3,2,174,19.297987474154997
Shaped,3,2,175,19.77415912744174
Shaped,3,2,176,19.741636552048462
Shaped,3,2,177,19.32774260560339
Shaped,3,2,178,19.384662414360427
Shaped,3,2,179,19.3292486330057
Shaped,3,2,180,19.30837000852233
Shaped,3,2,181,19.41890255662669
Shaped,3,2,182,19.887922508936725
Shaped,3,2,183,19.279551927313022
Shaped,3,2,184,19.712253522330386
Shaped,3,2,185,19.656935157251418
Shaped,3,2,186,19.498627475073736
Shaped,3,2,187,19.45880297142797
Shaped,3,2,188,19.356172751463024
Shaped,3,2,189,19.881891709286563
Shaped,3,2,190,19.987855564688434
Shaped,3,2,191,16.14247870384903
Shaped,3,2,192,19.293563023875045
Shaped,3,2,193,19.466440926064045
Shaped,3,2,194,19.467108348060286
Shaped,3,2,195,19.662330221905354
Shaped,3,2,196,19.80449766449958
Shaped,3,2,197,19.406000552645146
Shaped,3,2,198,19.345886676143746
Shaped,3,2,199,-27.10032029096392
Shaped,3,2,200,19.364172234532433
Shaped,3,2,201,19.362778523181852
Shaped,3,2,202,-38.016685784449166
Shaped,3,2,203,19.482520454382943
Shaped,3,2,204,2.3207890968602314
Shaped,3,2,205,19.36714396129711
Shaped,3,2,206,19.363860035989767
Shaped,3,2,207,19.299664501496817
Shaped,3,2,208,19.37024826635747
Shaped,3,2,209,14.490712958862156
Shaped,3,2,210,19.98460670328265
Shaped,3,2,211,19.370094103428443
Shaped,3,2,212,19.7453474626868
Shaped,3,2,213,19.24910692579124
Shaped,3,2,214,19.29824612227467
Shaped,3,2,215,19.46520801914705
Shaped,3,2,216,19.240721144359014
Shaped,3,2,217,19.454823409156955
Shaped,3,2,218,-33.37136402210325
Shaped,3,2,219,19.890256995084222
Shaped,3,2,220,19.792972445714824
Shaped,3,2,221,19.381449591579873
Shaped,3,2,222,19.860653225782343
Shaped,3,2,223,16.009828361661388
Shaped,3,2,224,19.38493281424875
Shaped,3,2,225,19.31795645576397
Shaped,3,2,226,19.712253522330386
Shaped,3,2,227,-2.8498310369245967
Shaped,3,2,228,19.405217111027802
Shaped,3,2,229,19.31961282365002
Shaped,3,2,230,19.254964420362537
Shaped,3,2,231,18.871691233238813
Shaped,3,2,232,19.43329489107642
Shaped,3,2,233,-30.647629649291275
Shaped,3,2,234,19.23292111983155
Shaped,3,2,235,19.466411758040405
Shaped,3,2,236,19.43263832852785
Shaped,3,2,237,19.666613452463153
Shaped,3,2,238,19.324280374202637
Shaped,3,2,239,19.697538453305263
Shaped,3,2,240,-9.171631830853872
Shaped,3,2,241,19.205663583466027
Shaped,3,2,242,19.17597350969476
Shaped,3,2,243,19.34828791310192
Shaped,3,2,244,19.27931298633892
Shaped,3,2,245,19.347323918475645
Shaped,3,2,246,19.329718305158146
Shaped,3,2,247,19.23292111983155
Shaped,3,2,248,19.169800712506323
Shaped,3,2,249,19.394881037431187
Shaped,3,2,250,19.318783177156668
Shaped,3,2,251,19.712253522330386
Shaped,3,2,252,19.97638718371299
Shaped,3,2,253,19.130530948376343
Shaped,3,2,254,19.73617664226721
Shaped,3,2,255,19.362418690119917
Shaped,3,2,256,16.419975953289782
Shaped,3,2,257,19.950701665889646
Shaped,3,2,258,11.129867707287397
Shaped,3,2,259,19.312339040170606
Shaped,3,2,260,19.418648033035623
Shaped,3,2,261,19.01348506270592
Shaped,3,2,262,19.367593628248986
Shaped,3,2,263,-13.422585036927241
Shaped,3,2,264,-20.433598245259773
Shaped,3,2,265,19.362672615003625
Shaped,3,2,266,19.72994653161019
Shaped,3,2,267,18.81436102306372
Shaped,3,2,268,19.292329901560695
Shaped,3,2,269,19.687503688092516
Shaped,3,2,270,15.706379946593724
Shaped,3,2,271,19.755816212228133
Shaped,3,2,272,19.348146378372963
Shaped,3,2,273,19.47122181292052
Shaped,3,2,274,19.418277099582113
Shaped,3,2,275,19.378114720918504
Shaped,3,2,276,19.40784040442107
Shaped,3,2,277,19.671832773859094
Shaped,3,2,278,19.29744988432566
Shaped,3,2,279,-12.653822429964993
Shaped,3,2,280,19.446205966445838
Shaped,3,2,281,19.128368026419516
Shaped,3,2,282,19.28461944402966
Shaped,3,2,283,19.743445006038606
Shaped,3,2,284,19.275785850896934
Shaped,3,2,285,19.23292111983155
Shaped,3,2,286,19.437025014954802
Shaped,3,2,287,19.455401778730597
Shaped,3,2,288,19.440960632390812
Shaped,3,2,289,19.364137322092443
Shaped,3,2,290,19.36611048575888
Shaped,3,2,291,19.73640355687886
Shaped,3,2,292,19.983794849511632
Shaped,3,2,293,19.748769432720195
Shaped,3,2,294,19.69920508233833
Shaped,3,2,295,19.766083246271386
Shaped,3,2,296,7.062148838462585
Shaped,3,2,297,19.6834216719201
Shaped,3,2,298,19.32550244802499
Shaped,3,2,299,19.413347867918173
Shaped,3,2,300,19.747866326504216
Shaped,3,2,301,19.746691352679047
Shaped,3,2,302,19.98473103597779
Shaped,3,2,303,19.344123048330168
Shaped,3,2,304,19.751117602017302
Shaped,3,2,305,19.637396382155337
Shaped,3,2,306,19.42331755221822
Shaped,3,2,307,19.337944562758423
Shaped,3,2,308,20.15458348966194
Shaped,3,2,309,19.25404735362864
Shaped,3,2,310,19.37269935426483
Shaped,3,2,311,19.47128398833177
Shaped,3,2,312,19.70045103191054
Shaped,3,2,313,15.001445558302883
Shaped,3,2,314,19.36337354525591
Shaped,3,2,315,19.716208409470518
Shaped,3,2,316,19.44084775848193
Shaped,3,2,317,19.76449800891887
Shaped,3,2,318,19.45276823690198
Shaped,3,2,319,16.142191999546945
Shaped,3,2,320,19.23292111983155
Shaped,3,2,321,19.378410800669876
Shaped,3,2,322,19.22850819124804
Shaped,3,2,323,15.78932313329108
Shaped,3,2,324,19.645517267531183
Shaped,3,2,325,19.75345287619348
Shaped,3,2,326,19.347403039038053
Shaped,3,2,327,4.222705815021219
Shaped,3,2,328,19.355552561967258
Shaped,3,2,329,19.38071722413376
Shaped,3,2,330,2.9061674191931752
Shaped,3,2,331,19.63987422575934
Shaped,3,2,332,-16.78868104299004
Shaped,3,2,333,19.280029190050236
Shaped,3,2,334,19.975793888096227
Shaped,3,2,335,19.713836733875365
Shaped,3,2,336,19.44824585262369
Shaped,3,2,337,19.75771627055155
Shaped,3,2,338,19.430289731549426
Shaped,3,2,339,19.749233714641825
Shaped,3,2,340,19.35626243251613
Shaped,3,2,341,19.712253522330386
Shaped,3,2,342,19.300009771377358
Shaped,3,2,343,19.18963038196951
Shaped,3,2,344,19.30592942358429
Shaped,3,2,345,19.6528203550875
Shaped,3,2,346,19.293006375861772
Shaped,3,2,347,19.712535336173524
Shaped,3,2,348,19.446770264298504
Shaped,3,2,349,-31.34771844389234
Shaped,3,2,350,19.834850285059566
Shaped,3,2,351,19.337752777611144
Shaped,3,2,352,19.334240983271453
Shaped,3,2,353,19.44919902201974
Shaped,3,2,354,19.30190929779248
Shaped,3,2,355,19.4710353011199
Shaped,3,2,356,19.750746686963087
Shaped,3,2,357,19.684594811043418
Shaped,3,2,358,19.446040682965492
Shaped,3,2,359,19.435462057516766
Shaped,3,2,360,16.041528968858465
Shaped,3,2,361,19.3288223029983
Shaped,3,2,362,16.38043811788325
Shaped,3,2,363,19.837831263623123
Shaped,3,2,364,19.464549033420752
Shaped,3,2,365,19.451948467834985
Shaped,3,2,366,19.48575650231329
Shaped,3,2,367,19.880493483651485
Shaped,3,2,368,19.267443489432512
Shaped,3,2,369,19.368228262011023
Shaped,3,2,370,19.310071152907007
Shaped,3,2,371,19.443084392850253
Shaped,3,2,372,19.340561305152114
Shaped,3,2,373,19.729594343787447
Shaped,3,2,374,19.47523153965126
Shaped,3,2,375,19.636264835706136
Shaped,3,2,376,19.46512565807432
Shaped,3,2,377,16.002799275348494
Shaped,3,2,378,19.653703937986407
Shaped,3,2,379,19.640370643377615
Shaped,3,2,380,19.7194637092702
Shaped,3,2,381,19.464765069363455
Shaped,3,2,382,19.708310131866885
Shaped,3,2,383,19.34950966056625
Shaped,3,2,384,19.699648301679108
Shaped,3,2,385,19.654187270369825
Shaped,3,2,386,15.898797184907377
Shaped,3,2,387,19.354135456410646
Shaped,3,2,388,-36.65586556582201
Shaped,3,2,389,19.84096669589693
Shaped,3,2,390,19.436198732755003
Shaped,3,2,391,19.435476835943227
Shaped,3,2,392,19.712253522330386
Shaped,3,2,393,-39.807911865664366
Shaped,3,2,394,19.368816917915346
Shaped,3,2,395,19.263272296402448
Shaped,3,2,396,-25.102163894066486
Shaped,3,2,397,19.387964409382302
Shaped,3,2,398,19.380497999492412
Shaped,3,2,399,19.663239918756876
Shaped,3,2,400,19.359937503364016
Shaped,3,2,401,19.392735720997393
Shaped,3,2,402,19.364136893000744
Shaped,3,2,403,19.754414646198377
Shaped,3,2,404,19.46962147992686
Shaped,3,2,405,19.32240780216832
Shaped,3,2,406,-20.921213764670505
Shaped,3,2,407,19.369141615249443
Shaped,3,2,408,19.945804976707063
Shaped,3,2,409,16.986261870762977
Shaped,3,2,410,19.274292436130494
Shaped,3,2,411,19.952984498716248
Shaped,3,2,412,19.295821671552545
Shaped,3,2,413,19.246749156039954
Shaped,3,2,414,19.430305418736985
Shaped,3,2,415,19.411881621925495
Shaped,3,2,416,5.285022605407238
Shaped,3,2,417,1.094210348833169
Shaped,3,2,418,15.891108763290982
Shaped,3,2,419,19.43448513551749
Shaped,3,2,420,19.402477426905566
Shaped,3,2,421,19.444433164462335
Shaped,3,2,422,19.672783843301374
Shaped,3,2,423,19.44661738911011
Shaped,3,2,424,19.827459753661714
Shaped,3,2,425,19.641143528932567
Shaped,3,2,426,19.678162020713827
Shaped,3,2,427,2.548666059541813
Shaped,3,2,428,19.330115165866648
Shaped,3,2,429,-45.257139232925766
Shaped,3,2,430,19.434827171454536
Shaped,3,2,431,19.39814100196168
Shaped,3,2,432,19.684712612116368
Shaped,3,2,433,19.440622664654025
Shaped,3,2,434,-20.677026723692673
Shaped,3,2,435,19.41891862051481
Shaped,3,2,436,19.724173704241537
Shaped,3,2,437,18.786556964911007
Shaped,3,2,438,-16.309795128032754
Shaped,3,2,439,19.36685908329128
Shaped,3,2,440,19.257798515252734
Shaped,3,2,441,19.334387068195433
Shaped,3,2,442,19.33140557029843
Shaped,3,2,443,19.389290106798157
Shaped,3,2,444,19.702212312129916
Shaped,3,2,445,19.409907382064446
Shaped,3,2,446,19.28920878922348
Shaped,3,2,447,19.468424661431932
Shaped,3,2,448,19.32044677364638
Shaped,3,2,449,19.407208085578347
Shaped,3,2,450,19.46426853216134
Shaped,3,2,451,19.425526892049515
Shaped,3,2,452,19.452864993604805
Shaped,3,2,453,19.464167212077186
Shaped,3,2,454,19.540780802844598
Shaped,3,2,455,19.34258485039681
Shaped,3,2,456,-21.00739851289253
Shaped,3,2,457,20.067587568288992
Shaped,3,2,458,19.94100786460688
Shaped,3,2,459,7.247912860365592
Shaped,3,2,460,19.96315848368996
Shaped,3,2,461,19.319761529473556
Shaped,3,2,462,19.740806881101214
Shaped,3,2,463,19.460575786796227
Shaped,3,2,464,19.58399471436061
Shaped,3,2,465,19.959896565667698
Shaped,3,2,466,19.300469053137782
Shaped,3,2,467,-38.07849423436852
Shaped,3,2,468,19.92174767472463
Shaped,3,2,469,19.02069898709503
Shaped,3,2,470,19.732565035244033
Shaped,3,2,471,19.665539391499184
Shaped,3,2,472,19.73028752702173
Shaped,3,2,473,16.2451661218197
Shaped,3,2,474,19.383673803649092
Shaped,3,2,475,19.320730806202796
Shaped,3,2,476,-30.331112142206777
Shaped,3,2,477,19.388004203562456
Shaped,3,2,478,19.700644326358713
Shaped,3,2,479,19.39687566156469
Shaped,3,2,480,19.720631973866332
Shaped,3,2,481,19.36624512857465
Shaped,3,2,482,-35.95127946522266
Shaped,3,2,483,19.42161661329472
Shaped,3,2,484,19.300071519723012
Shaped,3,2,485,-23.290926131415937
Shaped,3,2,486,19.452314419794966
Shaped,3,2,487,-11.206223026594373
Shaped,3,2,488,19.663512631599083
Shaped,3,2,489,7.031949605570473
Shaped,3,2,490,19.41004554772394
Shaped,3,2,491,19.7415998003325
Shaped,3,2,492,18.997735428061034
Shaped,3,2,493,19.298254182027407
Shaped,3,2,494,19.741825416739218
Shaped,3,2,495,19.372365186065238
Shaped,3,2,496,19.43245556052509
Shaped,3,2,497,19.95333292087211
Shaped,3,2,498,19.381315193573293
Shaped,3,2,499,19.748936421326498
Shaped,3,2,500,19.221988688395285
Shaped,3,2,501,19.720924818014467
Shaped,3,2,502,19.442711182491955
Shaped,3,2,503,19.47970512246272
Shaped,3,2,504,19.455155150311214
Shaped,3,2,505,19.38023941523293
Shaped,3,2,506,19.73021944891854
Shaped,3,2,507,-19.97893976044594
Shaped,3,2,508,19.412651107079434
Shaped,3,2,509,19.982345960507423
Shaped,3,2,510,19.446030791761743
Shaped,3,2,511,19.726798318722544
Shaped,3,2,512,19.691071619890813
Shaped,3,2,513,19.451032911293353
Shaped,3,2,514,19.35454516292346
Shaped,3,2,515,19.357065645531858
Shaped,3,2,516,19.4496698350592
Shaped,3,2,517,19.744528470220274
Shaped,3,2,518,16.49894089565795
Shaped,3,2,519,19.893411583927744
Shaped,3,2,520,19.375627760587207
Shaped,3,2,521,19.455089059190016
Shaped,3,2,522,19.736779072537924
Shaped,3,2,523,19.423747158873354
Shaped,3,2,524,19.767165387521104
Shaped,3,2,525,19.636936155502433
Shaped,3,2,526,19.280208552897562
Shaped,3,2,527,19.2396448248406
Shaped,3,2,528,19.4228560348431
Shaped,3,2,529,19.730881253370384
Shaped,3,2,530,19.33331855164102
Shaped,3,2,531,19.407898652314557
Shaped,3,2,532,19.445957903451056
Shaped,3,2,533,-35.09617899540678
Shaped,3,2,534,19.206843580150267
Shaped,3,2,535,19.287421866776047
Shaped,3,2,536,19.425149371862876
Shaped,3,2,537,19.307777558989276
Shaped,3,2,538,19.237317717284597
Shaped,3,2,539,19.765303117580906
Shaped,3,2,540,19.912481080405193
Shaped,3,2,541,19.402787707084656
Shaped,3,2,542,-4.170500782745425
Shaped,3,2,543,19.391702001366788
Shaped,3,2,544,19.482431620198206
Shaped,3,2,545,19.52646874529737
Shaped,3,2,546,19.314866234190887
Shaped,3,2,547,19.367443945756268
Shaped,3,2,548,19.75080255687163
Shaped,3,2,549,19.61391238502454
Shaped,3,2,550,-9.385024513416475
Shaped,3,2,551,19.730078400721027
Shaped,3,2,552,-29.029003331982423
Shaped,3,2,553,19.38238792006932
Shaped,3,2,554,19.429053394635737
Shaped,3,2,555,19.59417357258455
Shaped,3,2,556,19.750612060879376
Shaped,3,2,557,19.715497160140714
Shaped,3,2,558,19.724094039822603
Shaped,3,2,559,19.294195603355007
Shaped,3,2,560,19.712877775502463
Shaped,3,2,561,19.340958602043827
Shaped,3,2,562,16.01410212302862
Shaped,3,2,563,19.337229750758183
Shaped,3,2,564,19.37372574569701
Shaped,3,2,565,19.403272318403644
Shaped,3,2,566,-6.535849542826938
Shaped,3,2,567,19.4172428357734
Shaped,3,2,568,19.366899774036867
Shaped,3,2,569,19.75023647312458
Shaped,3,2,570,19.72541837836151
Shaped,3,2,571,19.325785509569673
Shaped,3,2,572,19.428249648249
Shaped,3,2,573,19.366585011343663
Shaped,3,2,574,19.40500615032923
Shaped,3,2,575,19.926265263797568
Shaped,3,2,576,19.703259577215455
Shaped,3,2,577,19.466595180642692
Shaped,3,2,578,15.753175868483812
Shaped,3,2,579,19.716990482627775
Shaped,3,2,580,-18.140697905240025
Shaped,3,2,581,19.37060880143125
Shaped,3,2,582,19.29761814602568
Shaped,3,2,583,19.710865877322973
Shaped,3,2,584,19.41418359052949
Shaped,3,2,585,19.700996893613052
Shaped,3,2,586,19.61074292681277
Shaped,3,2,587,19.376161135363304
Shaped,3,2,588,19.301869974979056
Shaped,3,2,589,19.23292111983155
Shaped,3,2,590,19.399093148565683
Shaped,3,2,591,-7.900202568304994
Shaped,3,2,592,19.42975977445942
Shaped,3,2,593,19.70489890165375
Shaped,3,2,594,19.405868584637524
Shaped,3,2,595,-12.174380152471986
Shaped,3,2,596,19.365284744766527
Shaped,3,2,597,19.367003155568703
Shaped,3,2,598,19.48377524698546
Shaped,3,2,599,19.70703603025132
Shaped,3,2,600,18.770229846322565
Shaped,3,2,601,19.462807579227423
Shaped,3,2,602,19.310935631563275
Shaped,3,2,603,19.366073800146992
Shaped,3,2,604,19.736785127124378
Shaped,3,2,605,19.359356517769292
Shaped,3,2,606,19.443071348222652
Shaped,3,2,607,19.349632486833883
Shaped,3,2,608,19.349469971518683
Shaped,3,2,609,19.673839439080616
Shaped,3,2,610,18.954046907820015
Shaped,3,2,611,19.447965117692036
Shaped,3,2,612,-12.584045040279108
Shaped,3,2,613,19.97280607852727
Shaped,3,2,614,19.216748170568174
Shaped,3,2,615,19.385400070079797
Shaped,3,2,616,19.374200477624278
Shaped,3,2,617,16.005645920790396
Shaped,3,2,618,-21.472134348810982
Shaped,3,2,619,19.283546756279815
Shaped,3,2,620,15.7092740944429
Shaped,3,2,621,19.4448887765894
Shaped,3,2,622,19.46654948088888
Shaped,3,2,623,19.453863210470416
Shaped,3,2,624,15.796282864350292
Shaped,3,2,625,19.444178668032762
Shaped,3,2,626,19.611419117383214
Shaped,3,2,627,19.35985824913572
Shaped,3,2,628,19.720328950566742
Shaped,3,2,629,19.36431601606979
Shaped,3,2,630,19.475998561601138
Shaped,3,2,631,19.29940216592105
Shaped,3,2,632,19.808533060641814
Shaped,3,2,633,19.4063565912142
Shaped,3,2,634,19.894206584433732
Shaped,3,2,635,19.326456207730047
Shaped,3,2,636,19.296884109063505
Shaped,3,2,637,19.382811755898203
Shaped,3,2,638,19.67911417383648
Shaped,3,2,639,19.98532215690814
Shaped,3,2,640,19.39075805202684
Shaped,3,2,641,19.39981083887452
Shaped,3,2,642,19.723435218301173
Shaped,3,2,643,19.634077044899893
Shaped,3,2,644,19.398584333026044
Shaped,3,2,645,-36.65052601076076
Shaped,3,2,646,19.72403957738114
Shaped,3,2,647,19.456587828576225
Shaped,3,2,648,19.419003500411307
Shaped,3,2,649,19.71480763098513
Shaped,3,2,650,19.454349973223366
Shaped,3,2,651,3.746364142057592
Shaped,3,2,652,19.449754198889202
Shaped,3,2,653,19.5816488898374
Shaped,3,2,654,14.817387847772086
Shaped,3,2,655,19.422702766804115
Shaped,3,2,656,19.713627310217383
Shaped,3,2,657,19.448041306885084
Shaped,3,2,658,19.691982809692394
Shaped,3,2,659,19.39287609961962
Shaped,3,2,660,19.727694872380376
Shaped,3,2,661,19.372084889285066
Shaped,3,2,662,19.98941410937063
Shaped,3,2,663,19.3457847852694
Shaped,3,2,664,19.42472335197547
Shaped,3,2,665,19.605168812312762
Shaped,3,2,666,19.414948162663897
Shaped,3,2,667,19.23288896904716
Shaped,3,2,668,19.754309817823003
Shaped,3,2,669,19.452166458680793
Shaped,3,2,670,19.382717040052366
Shaped,3,2,671,19.40454976088098
Shaped,3,2,672,19.241756928955947
Shaped,3,2,673,19.23292111983155
Shaped,3,2,674,19.292276819324158
Shaped,3,2,675,19.34635712343095
Shaped,3,2,676,19.273862089025727
Shaped,3,2,677,19.242322728520822
Shaped,3,2,678,19.74844290318778
Shaped,3,2,679,-31.644883193307756
Shaped,3,2,680,0.06035660842352719
Shaped,3,2,681,19.712253522330386
Shaped,3,2,682,19.648661453768646
Shaped,3,2,683,19.396551310037697
Shaped,3,2,684,19.43939765283568
Shaped,3,2,685,19.356184272631978
Shaped,3,2,686,19.319604429286812
Shaped,3,2,687,19.43891130228164
Shaped,3,2,688,19.409354161565993
Shaped,3,2,689,19.712253522330386
Shaped,3,2,690,19.487040563827485
Shaped,3,2,691,19.334091305866572
Shaped,3,2,692,19.58896861411337
Shaped,3,2,693,19.693535754810902
Shaped,3,2,694,19.668494089545327
Shaped,3,2,695,19.303869323120622
Shaped,3,2,696,19.99038031430762
Shaped,3,2,697,19.844018214958357
Shaped,3,2,698,19.72494427115955
Shaped,3,2,699,19.40528280027346
Shaped,3,2,700,16.437453390130273
Shaped,3,2,701,19.755938060485093
Shaped,3,2,702,19.63612539658442
Shaped,3,2,703,19.30637933566538
Shaped,3,2,704,-21.724828062437382
Shaped,3,2,705,19.344694970027952
Shaped,3,2,706,19.368146203552104
Shaped,3,2,707,-8.044263638775444
Shaped,3,2,708,19.355138894673455
Shaped,3,2,709,19.4165252102148
Shaped,3,2,710,19.442179179114895
Shaped,3,2,711,19.405344788392604
Shaped,3,2,712,19.48240144403561
Shaped,3,2,713,19.98065892899833
Shaped,3,2,714,19.30663865301342
Shaped,3,2,715,19.380706228640648
Shaped,3,2,716,19.482478134189144
Shaped,3,2,717,19.418628902877067
Shaped,3,2,718,19.423962872670216
Shaped,3,2,719,-29.58044374136132
Shaped,3,2,720,19.35445143092879
Shaped,3,2,721,19.26123374466762
Shaped,3,2,722,19.69172489481099
Shaped,3,2,723,19.313016715734122
Shaped,3,2,724,19.314748310056665
Shaped,3,2,725,-43.522853140592034
Shaped,3,2,726,19.752933976918257
Shaped,3,2,727,19.234602314346873
Shaped,3,2,728,16.046802290043274
Shaped,3,2,729,19.888059721724197
Shaped,3,2,730,19.43309951690778
Shaped,3,2,731,19.74494717078118
Shaped,3,2,732,19.703348173967946
Shaped,3,2,733,19.577942004553798
Shaped,3,2,734,19.29648900011762
Shaped,3,2,735,19.343362714085817
Shaped,3,2,736,19.40248778893365
Shaped,3,2,737,19.41556006050847
Shaped,3,2,738,19.311277652847537
Shaped,3,2,739,19.337568054526287
Shaped,3,2,740,19.88680767723246
Shaped,3,2,741,19.237559955031927
Shaped,3,2,742,19.43835140987913
Shaped,3,2,743,-19.26509110928169
Shaped,3,2,744,19.74564218805446
Shaped,3,2,745,19.495081216404873
Shaped,3,2,746,19.712460244390197
Shaped,3,2,747,19.657360946912036
Shaped,3,2,748,19.403916218827657
Shaped,3,2,749,19.72279625707903
Shaped,3,2,750,19.247942339897897
Shaped,3,2,751,19.33035115316282
Shaped,3,2,752,19.734902543644704
Shaped,3,2,753,19.33558185787515
Shaped,3,2,754,19.755291608532954
Shaped,3,2,755,19.71907439389564
Shaped,3,2,756,19.466455447788825
Shaped,3,2,757,19.466366574170344
Shaped,3,2,758,19.986451732964323
Shaped,3,2,759,-11.620427124476059
Shaped,3,2,760,19.586999926942553
Shaped,3,2,761,19.753633353916804
Shaped,3,2,762,19.644634601112685
Shaped,3,2,763,19.41334501871901
Shaped,3,2,764,19.34936110660307
Shaped,3,2,765,19.389399973015365
Shaped,3,2,766,19.592739651233064
Shaped,3,2,767,19.317303070492926
Shaped,3,2,768,19.478071741431236
Shaped,3,2,769,19.70401968422631
Shaped,3,2,770,19.727672465855846
Shaped,3,2,771,19.329256158248533
Shaped,3,2,772,19.640836475879006
Shaped,3,2,773,19.469641376863194
Shaped,3,2,774,19.438934863826468
Shaped,3,2,775,-34.983575991820366
Shaped,3,2,776,4.084120422936203
Shaped,3,2,777,19.30236877937061
Shaped,3,2,778,19.755878898166863
Shaped,3,2,779,19.44842283315823
Shaped,3,2,780,19.502109091259058
Shaped,3,2,781,19.2330902559627
Shaped,3,2,782,19.465653510934757
Shaped,3,2,783,19.455101591761746
Shaped,3,2,784,19.449700467460765
Shaped,3,2,785,19.28545485809674
Shaped,3,2,786,19.43528909677662
Shaped,3,2,787,19.436924835046106
Shaped,3,2,788,19.44375801269514
Shaped,3,2,789,19.33253825604245
Shaped,3,2,790,19.785078359870884
Shaped,3,2,791,19.323156417795268
Shaped,3,2,792,19.357404237016617
Shaped,3,2,793,19.674931115787196
Shaped,3,2,794,19.3972295177553
Shaped,3,2,795,19.835724611271672
Shaped,3,2,796,5.291306128568345
Shaped,3,2,797,19.827490143020245
Shaped,3,2,798,19.671969009326304
Shaped,3,2,799,15.967800599151646
Shaped,3,2,800,19.705253136771653
Shaped,3,2,801,19.740421393765494
Shaped,3,2,802,19.374049802809832
Shaped,3,2,803,19.716177790539916
Shaped,3,2,804,19.45284686534201
Shaped,3,2,805,19.452749709939336
Shaped,3,2,806,19.32181587255466
Shaped,3,2,807,19.37814782387073
Shaped,3,2,808,19.741067595585836
Shaped,3,2,809,19.71083614925748
Shaped,3,2,810,19.365432027493103
Shaped,3,2,811,19.781659194860477
Shaped,3,2,812,19.839696354913777
Shaped,3,2,813,19.268298134283462
Shaped,3,2,814,19.974321766200777
Shaped,3,2,815,15.927929686421272
Shaped,3,2,816,19.44885632962725
Shaped,3,2,817,19.3201001161899
Shaped,3,2,818,19.75549167417486
Shaped,3,2,819,19.969855719665475
Shaped,3,2,820,19.231522711313534
Shaped,3,2,821,19.410392073970243
Shaped,3,2,822,19.715402569525853
Shaped,3,2,823,19.752941296688075
Shaped,3,2,824,19.36566766925928
Shaped,3,2,825,19.29195905292548
Shaped,3,2,826,19.351473453937206
Shaped,3,2,827,19.301711357256956
Shaped,3,2,828,19.726177083350382
Shaped,3,2,829,19.406905930028948
Shaped,3,2,830,18.822594420991756
Shaped,3,2,831,19.429148819532337
Shaped,3,2,832,18.867213101361198
Shaped,3,2,833,19.277618446600485
Shaped,3,2,834,19.44738305490554
Shaped,3,2,835,19.944971522420925
Shaped,3,2,836,19.386050969911306
Shaped,3,2,837,19.410214114592442
Shaped,3,2,838,19.7336038186602
Shaped,3,2,839,19.330489665925057
Shaped,3,2,840,19.406943600656746
Shaped,3,2,841,19.366601447756917
Shaped,3,2,842,19.535784352756735
Shaped,3,2,843,19.320082305625895
Shaped,3,2,844,19.39212283752691
Shaped,3,2,845,19.67931012066302
Shaped,3,2,846,19.40459605519597
Shaped,3,2,847,19.412549747604018
Shaped,3,2,848,19.937410765907316
Shaped,3,2,849,19.165399552591133
Shaped,3,2,850,19.61309431774521
Shaped,3,2,851,19.721782750650398
Shaped,3,2,852,19.922975082154434
Shaped,3,2,853,19.315096574828296
Shaped,3,2,854,19.44515874065018
Shaped,3,2,855,19.35712833435011
Shaped,3,2,856,19.752639836433566
Shaped,3,2,857,19.654062731702826
Shaped,3,2,858,19.66852750108812
Shaped,3,2,859,-33.481654147136176
Shaped,3,2,860,19.263813295338906
Shaped,3,2,861,19.444746939158833
Shaped,3,2,862,19.938038835957272
Shaped,3,2,863,15.828624377083425
Shaped,3,2,864,19.698505978090335
Shaped,3,2,865,19.712253522330386
Shaped,3,2,866,19.4179914826277
Shaped,3,2,867,19.529530768489195
Shaped,3,2,868,19.415380106840864
Shaped,3,2,869,19.647367649855354
Shaped,3,2,870,19.3436446333791
Shaped,3,2,871,14.315878618698026
Shaped,3,2,872,19.66136178924831
Shaped,3,2,873,19.741065478718127
Shaped,3,2,874,19.722966645616694
Shaped,3,2,875,10.631386389229444
Shaped,3,2,876,19.311219378604676
Shaped,3,2,877,19.40545995795876
Shaped,3,2,878,19.27698835822483
Shaped,3,2,879,19.286986425176373
Shaped,3,2,880,19.302294043424304
Shaped,3,2,881,19.45113424599932
Shaped,3,2,882,19.67112625762892
Shaped,3,2,883,19.682365105108097
Shaped,3,2,884,19.466576997227534
Shaped,3,2,885,19.72360215623725
Shaped,3,2,886,19.384223571003247
Shaped,3,2,887,19.379368752497086
Shaped,3,2,888,19.312540488907494
Shaped,3,2,889,19.756083235177258
Shaped,3,2,890,19.62142105130988
Shaped,3,2,891,7.027825677168494
Shaped,3,2,892,19.69383674042355
Shaped,3,2,893,-36.5774915853312
Shaped,3,2,894,-9.08701558109695
Shaped,3,2,895,-31.01485730305523
Shaped,3,2,896,-14.545674097241712
Shaped,3,2,897,19.86600629045241
Shaped,3,2,898,19.73043071150485
Shaped,3,2,899,-12.084786610554001
Shaped,3,2,900,19.464373750191978
Shaped,3,2,901,19.42935343028833
Shaped,3,2,902,18.967659820273617
Shaped,3,2,903,19.39155986087473
Shaped,3,2,904,19.36317429021841
Shaped,3,2,905,-13.395828892257871
Shaped,3,2,906,19.35861904935591
Shaped,3,2,907,8.694013709627939
Shaped,3,2,908,19.31579809618908
Shaped,3,2,909,19.45438561568121
Shaped,3,2,910,19.396882979945087
Shaped,3,2,911,19.787852434888542
Shaped,3,2,912,19.713939272688158
Shaped,3,2,913,19.46890774436241
Shaped,3,2,914,19.294858743913032
Shaped,3,2,915,19.346740487074783
Shaped,3,2,916,19.395895196395056
Shaped,3,2,917,19.428629640700102
Shaped,3,2,918,19.429807429900418
Shaped,3,2,919,19.447417740310534
Shaped,3,2,920,19.362437003017696
Shaped,3,2,921,15.82828734170856
Shaped,3,2,922,19.377896907553428
Shaped,3,2,923,-19.70589494427086
Shaped,3,2,924,19.463957799514766
Shaped,3,2,925,19.421759045579513
Shaped,3,2,926,19.63073952543897
Shaped,3,2,927,19.416212688723505
Shaped,3,2,928,18.502962843761196
Shaped,3,2,929,19.479793398524574
Shaped,3,2,930,12.43436423263665
Shaped,3,2,931,19.23601251775495
Shaped,3,2,932,19.33415394712677
Shaped,3,2,933,9.944576760837363
Shaped,3,2,934,19.719543033511243
Shaped,3,2,935,19.293820818347477
Shaped,3,2,936,19.725924656387058
Shaped,3,2,937,15.754129433265975
Shaped,3,2,938,19.712253522330386
Shaped,3,2,939,19.420623715970528
Shaped,3,2,940,19.407723528013985
Shaped,3,2,941,19.385716903713302
Shaped,3,2,942,19.4325686905856
Shaped,3,2,943,19.737122716859098
Shaped,3,2,944,19.738435424091985
Shaped,3,2,945,19.428576657107335
Shaped,3,2,946,19.36479148228521
Shaped,3,2,947,-31.658218241157876
Shaped,3,2,948,19.45458625615943
Shaped,3,2,949,19.714673432809114
Shaped,3,2,950,19.411186817129035
Shaped,3,2,951,19.337390842403614
Shaped,3,2,952,19.58231953078222
Shaped,3,2,953,-4.692300337359551
Shaped,3,2,954,19.498251477975735
Shaped,3,2,955,19.964777883610275
Shaped,3,2,956,19.23292111983155
Shaped,3,2,957,19.314293013747488
Shaped,3,2,958,19.154827040531146
Shaped,3,2,959,19.450337533980978
Shaped,3,2,960,-18.69768726803071
Shaped,3,2,961,19.740546711164505
Shaped,3,2,962,19.291624627779676
Shaped,3,2,963,19.33934269674691
Shaped,3,2,964,-23.34923409849162
Shaped,3,2,965,19.43038716483195
Shaped,3,2,966,19.797773108452148
Shaped,3,2,967,19.73349848703161
Shaped,3,2,968,19.727694841552896
Shaped,3,2,969,19.4500935389853
Shaped,3,2,970,19.22275467065689
Shaped,3,2,971,19.44785697948921
Shaped,3,2,972,19.35552581787713
Shaped,3,2,973,19.4426892081871
Shaped,3,2,974,19.22773883638407
Shaped,3,2,975,19.45440435400712
Shaped,3,2,976,4.914151956184563
Shaped,3,2,977,19.4182425841709
Shaped,3,2,978,18.99576762192021
Shaped,3,2,979,19.98179814830752
Shaped,3,2,980,19.45998119645452
Shaped,3,2,981,19.450583805274686
Shaped,3,2,982,19.752802888639593
Shaped,3,2,983,-28.877831847158838
Shaped,3,2,984,19.712915756841248
Shaped,3,2,985,19.27720609336321
Shaped,3,2,986,19.647173689038357
Shaped,3,2,987,19.737159383276428
Shaped,3,2,988,19.446604729438256
Shaped,3,2,989,19.64356432986586
Shaped,3,2,990,19.44563172725402
Shaped,3,2,991,-11.20677423513698
Shaped,3,2,992,19.979481349042487
Shaped,3,2,993,16.007753103104243
Shaped,3,2,994,17.70417950911514
Shaped,3,2,995,19.924088011914627
Shaped,3,2,996,19.457227863075055
Shaped,3,2,997,19.337347230025124
Shaped,3,2,998,19.20427049410364
Shaped,3,2,999,19.869218045133138
Shaped,4,3,0,19.425659389262094
Shaped,4,3,1,-27.102596859362222
Shaped,4,3,2,19.72129318755021
Shaped,4,3,3,19.417596361646822
Shaped,4,3,4,19.573968988188334
Shaped,4,3,5,-30.24342691468481
Shaped,4,3,6,19.958199013129743
Shaped,4,3,7,19.32045378950385
Shaped,4,3,8,19.365389001426443
Shaped,4,3,9,19.66189745292405
Shaped,4,3,10,19.29552909896664
Shaped,4,3,11,19.35908171600525
Shaped,4,3,12,19.440543806422887
Shaped,4,3,13,19.365381998886594
Shaped,4,3,14,3.184650310171243
Shaped,4,3,15,19.318822607893793
Shaped,4,3,16,8.377897813764353
Shaped,4,3,17,19.15275916086886
Shaped,4,3,18,19.42828717143351
Shaped,4,3,19,14.143649009321823
Shaped,4,3,20,19.697241820917
Shaped,4,3,21,-22.446551202767864
Shaped,4,3,22,19.38191986012665
Shaped,4,3,23,-25.690527291310985
Shaped,4,3,24,16.38129269821521
Shaped,4,3,25,19.386162266754134
Shaped,4,3,26,19.234383876926735
Shaped,4,3,27,19.704865381727625
Shaped,4,3,28,19.372643226048172
Shaped,4,3,29,19.70570301588654
Shaped,4,3,30,19.955519488245912
Shaped,4,3,31,19.43837855525807
Shaped,4,3,32,17.772803274748785
Shaped,4,3,33,19.712253522330386
Shaped,4,3,34,19.71012509662914
Shaped,4,3,35,19.26519740287901
Shaped,4,3,36,19.234027425375565
Shaped,4,3,37,19.423304340690393
Shaped,4,3,38,19.431845710307176
Shaped,4,3,39,18.772358244516713
Shaped,4,3,40,19.655279419469895
Shaped,4,3,41,19.474373527965533
Shaped,4,3,42,19.68743661668466
Shaped,4,3,43,18.9892771571473
Shaped,4,3,44,19.30165599988559
Shaped,4,3,45,15.949878318696905
Shaped,4,3,46,19.39816857439056
Shaped,4,3,47,19.407178069957304
Shaped,4,3,48,19.428438142877017
Shaped,4,3,49,19.27151731337248
Shaped,4,3,50,19.378466775600835
Shaped,4,3,51,19.703617404213652
Shaped,4,3,52,19.439501420826545
Shaped,4,3,53,19.441155744973756
Shaped,4,3,54,19.587298700612237
Shaped,4,3,55,19.41721557303321
Shaped,4,3,56,19.70160677377597
Shaped,4,3,57,19.415616555520877
Shaped,4,3,58,19.47357585193835
Shaped,4,3,59,19.42429178574754
Shaped,4,3,60,19.23533480662362
Shaped,4,3,61,19.31514051151674
Shaped,4,3,62,19.401349708357984
Shaped,4,3,63,19.767973823431902
Shaped,4,3,64,19.42896135983431
Shaped,4,3,65,19.66223527277493
Shaped,4,3,66,19.35202783739512
Shaped,4,3,67,19.867417868747378
Shaped,4,3,68,11.758739674773443
Shaped,4,3,69,19.25013464835659
Shaped,4,3,70,19.39318930255979
Shaped,4,3,71,19.466599580138627
Shaped,4,3,72,16.41554049393822
Shaped,4,3,73,19.420004911058555
Shaped,4,3,74,19.363980328400018
Shaped,4,3,75,10.296316946622229
Shaped,4,3,76,19.74399910122127
Shaped,4,3,77,19.447738108221724
Shaped,4,3,78,19.351635422570155
Shaped,4,3,79,-6.484326315752295
Shaped,4,3,80,19.723343554883915
Shaped,4,3,81,19.908785101417593
Shaped,4,3,82,-1.3797814431897812
Shaped,4,3,83,19.985910219558342
Shaped,4,3,84,19.743520699695118
Shaped,4,3,85,19.23292111983155
Shaped,4,3,86,19.9712263988202
Shaped,4,3,87,19.692416537880316
Shaped,4,3,88,19.57280362218346
Shaped,4,3,89,19.39766378528945
Shaped,4,3,90,19.43288376956665
Shaped,4,3,91,19.430662042427322
Shaped,4,3,92,19.45302758940609
Shaped,4,3,93,-29.498829598293348
Shaped,4,3,94,19.452235409398014
Shaped,4,3,95,19.467985977088787
Shaped,4,3,96,19.850975948642088
Shaped,4,3,97,19.391555985311783
Shaped,4,3,98,19.68539637791316
Shaped,4,3,99,19.447978964333387
Shaped,4,3,100,19.425675773260892
Shaped,4,3,101,19.2737987618109
Shaped,4,3,102,19.28158123828291
Shaped,4,3,103,19.29021894079972
Shaped,4,3,104,19.259556601038852
Shaped,4,3,105,-2.1063413485660174
Shaped,4,3,106,19.44554128948245
Shaped,4,3,107,19.33654006116739
Shaped,4,3,108,19.376227172380226
Shaped,4,3,109,19.448898990149683
Shaped,4,3,110,19.23783060821043
Shaped,4,3,111,19.44205031645386
Shaped,4,3,112,19.68687793196227
Shaped,4,3,113,19.643957809954088
Shaped,4,3,114,19.729507265804052
Shaped,4,3,115,19.363302524462867
Shaped,4,3,116,19.37771823989292
Shaped,4,3,117,16.286592078128756
Shaped,4,3,118,19.276341587064845
Shaped,4,3,119,19.438342502969324
Shaped,4,3,120,19.412275212796676
Shaped,4,3,121,19.211333081984115
Shaped,4,3,122,19.29711160676246
Shaped,4,3,123,19.742052195759864
Shaped,4,3,124,19.33805335292889
Shaped,4,3,125,15.964895345459063
Shaped,4,3,126,19.397059223521644
Shaped,4,3,127,19.404958717111914
Shaped,4,3,128,19.904334864243797
Shaped,4,3,129,19.74479129969825
Shaped,4,3,130,19.305252187072504
Shaped,4,3,131,19.52898150161618
Shaped,4,3,132,19.737682438875552
Shaped,4,3,133,16.187296988732257
Shaped,4,3,134,19.333818404695194
Shaped,4,3,135,19.41942574787677
Shaped,4,3,136,19.420643459855004
Shaped,4,3,137,19.293161556076257
Shaped,4,3,138,19.912726266485485
Shaped,4,3,139,19.67827628243112
Shaped,4,3,140,0.010455188210006128
Shaped,4,3,141,19.71155313308205
Shaped,4,3,142,19.322790440074456
Shaped,4,3,143,19.750512387938606
Shaped,4,3,144,19.439887686122162
Shaped,4,3,145,19.719575198946387
Shaped,4,3,146,19.280070188447247
Shaped,4,3,147,19.359847604689218
Shaped,4,3,148,19.350909368293372
Shaped,4,3,149,19.21788132359194
Shaped,4,3,150,19.29495667475541
Shaped,4,3,151,19.873440820204834
Shaped,4,3,152,19.88493308785884
Shaped,4,3,153,19.177940930872737
Shaped,4,3,154,19.27454705144072
Shaped,4,3,155,19.986453531847637
Shaped,4,3,156,19.41095131232449
Shaped,4,3,157,19.34740524055258
Shaped,4,3,158,19.395473490839112
Shaped,4,3,159,19.42472444875895
Shaped,4,3,160,19.4014581813235
Shaped,4,3,161,19.392793330830205
Shaped,4,3,162,19.632346478416743
Shaped,4,3,163,-10.618025444047174
Shaped,4,3,164,19.272959988098727
Shaped,4,3,165,19.75070147706576
Shaped,4,3,166,19.295294470257765
Shaped,4,3,167,16.26862607896993
Shaped,4,3,168,19.419732693678142
Shaped,4,3,169,19.716727329694827
Shaped,4,3,170,19.302832591846013
Shaped,4,3,171,19.474680287654472
Shaped,4,3,172,19.23292111983155
Shaped,4,3,173,19.22036700507093
Shaped,4,3,174,19.35052961562863
Shaped,4,3,175,18.97546091536353
Shaped,4,3,176,19.23292111983155
Shaped,4,3,177,19.450017651903742
Shaped,4,3,178,19.4478752394065
Shaped,4,3,179,19.705496957891267
Shaped,4,3,180,19.461594036758306
Shaped,4,3,181,19.27900667685222
Shaped,4,3,182,19.97231853497624
Shaped,4,3,183,-11.833650728427926
Shaped,4,3,184,19.773684228260915
Shaped,4,3,185,-21.35170827497562
Shaped,4,3,186,19.985685287886014
Shaped,4,3,187,19.692801733410334
Shaped,4,3,188,19.313873280836674
Shaped,4,3,189,19.74767215378678
Shaped,4,3,190,19.71412605183756
Shaped,4,3,191,19.337887440016644
Shaped,4,3,192,19.425236595181545
Shaped,4,3,193,19.437248701437532
Shaped,4,3,194,19.33515421787926
Shaped,4,3,195,19.426975391042927
Shaped,4,3,196,19.44286512782122
Shaped,4,3,197,19.356498217023052
Shaped,4,3,198,-35.97368966575048
Shaped,4,3,199,19.666513055267956
Shaped,4,3,200,19.690646020108
Shaped,4,3,201,19.34479571178238
Shaped,4,3,202,19.4009869793123
Shaped,4,3,203,19.310736757644946
Shaped,4,3,204,-22.57603675327085
Shaped,4,3,205,19.608987569050797
Shaped,4,3,206,19.728930822837135
Shaped,4,3,207,19.23292111983155
Shaped,4,3,208,19.500894168196133
Shaped,4,3,209,19.480096840351397
Shaped,4,3,210,19.37818610852867
Shaped,4,3,211,19.90960151185667
Shaped,4,3,212,19.037183746566953
Shaped,4,3,213,19.982979867990956
Shaped,4,3,214,19.72275604386064
Shaped,4,3,215,19.355648368723415
Shaped,4,3,216,19.25024087215874
Shaped,4,3,217,19.686999673565538
Shaped,4,3,218,14.803605611102155
Shaped,4,3,219,19.448785103375084
Shaped,4,3,220,19.423659535421393
Shaped,4,3,221,19.445687779650118
Shaped,4,3,222,19.664793351545676
Shaped,4,3,223,19.38479157063813
Shaped,4,3,224,19.709428959261736
Shaped,4,3,225,19.28490833632467
Shaped,4,3,226,19.139682684171
Shaped,4,3,227,19.37062347826428
Shaped,4,3,228,-10.348131059214523
Shaped,4,3,229,19.378699013945145
Shaped,4,3,230,19.41860795052366
Shaped,4,3,231,19.287646158883124
Shaped,4,3,232,19.27778578478206
Shaped,4,3,233,19.328124921759425
Shaped,4,3,234,19.46266455421886
Shaped,4,3,235,19.719299648361627
Shaped,4,3,236,19.94056794914216
Shaped,4,3,237,-3.17711745324719
Shaped,4,3,238,19.718727115217817
Shaped,4,3,239,19.405531637751665
Shaped,4,3,240,19.444820498401885
Shaped,4,3,241,19.440004299301258
Shaped,4,3,242,19.4886112074273
Shaped,4,3,243,-10.348630620367885
Shaped,4,3,244,19.390818357897153
Shaped,4,3,245,19.75118634101744
Shaped,4,3,246,19.465720962244124
Shaped,4,3,247,19.40207081587571
Shaped,4,3,248,19.730680914202814
Shaped,4,3,249,19.399578857708924
Shaped,4,3,250,19.32338917975185
Shaped,4,3,251,19.334675813516256
Shaped,4,3,252,19.417166715841553
Shaped,4,3,253,19.62440623612239
Shaped,4,3,254,19.742413097830656
Shaped,4,3,255,19.397554636672176
Shaped,4,3,256,19.698339119530715
Shaped,4,3,257,19.289688294022383
Shaped,4,3,258,18.581576363461863
Shaped,4,3,259,19.42340026526736
Shaped,4,3,260,18.973520484753625
Shaped,4,3,261,19.30088988693126
Shaped,4,3,262,19.402177647477764
Shaped,4,3,263,19.450499689187716
Shaped,4,3,264,19.468827889746294
Shaped,4,3,265,19.43725997646893
Shaped,4,3,266,19.336549299888976
Shaped,4,3,267,19.375051851407353
Shaped,4,3,268,19.484407334199837
Shaped,4,3,269,19.34396589921861
Shaped,4,3,270,19.47811209134675
Shaped,4,3,271,19.759620395338274
Shaped,4,3,272,19.685713449094813
Shaped,4,3,273,19.29759066144821
Shaped,4,3,274,19.446385958660585
Shaped,4,3,275,19.59359242434371
Shaped,4,3,276,19.44225481315014
Shaped,4,3,277,19.736304897764846
Shaped,4,3,278,17.934040891352755
Shaped,4,3,279,19.33903857665964
Shaped,4,3,280,19.300215173281906
Shaped,4,3,281,19.74800389842082
Shaped,4,3,282,19.738149700520136
Shaped,4,3,283,19.33758976208838
Shaped,4,3,284,19.588718883409754
Shaped,4,3,285,19.351323391423023
Shaped,4,3,286,7.6577532000696955
Shaped,4,3,287,19.759674407994044
Shaped,4,3,288,19.715892342147278
Shaped,4,3,289,15.82676644585808
Shaped,4,3,290,19.424027584844247
Shaped,4,3,291,19.296878097920477
Shaped,4,3,292,19.23292111983155
Shaped,4,3,293,19.38205376535539
Shaped,4,3,294,19.369515622425467
Shaped,4,3,295,19.45423623250879
Shaped,4,3,296,19.432358053895456
Shaped,4,3,297,19.32415821449935
Shaped,4,3,298,19.37254982679133
Shaped,4,3,299,19.333098142256105
Shaped,4,3,300,19.406033873873838
Shaped,4,3,301,11.035812887621153
Shaped,4,3,302,19.372951209504095
Shaped,4,3,303,19.297580289156382
Shaped,4,3,304,19.265928352498065
Shaped,4,3,305,19.34046598432402
Shaped,4,3,306,19.319950739057425
Shaped,4,3,307,19.34070016748138
Shaped,4,3,308,19.35852552572763
Shaped,4,3,309,19.91013399243257
Shaped,4,3,310,19.410163425906013
Shaped,4,3,311,19.418277144429013
Shaped,4,3,312,19.40521939388292
Shaped,4,3,313,19.730634169960332
Shaped,4,3,314,19.729328744302748
Shaped,4,3,315,19.352505615801746
Shaped,4,3,316,19.4300752436565
Shaped,4,3,317,19.735981862612213
Shaped,4,3,318,-16.682800814980233
Shaped,4,3,319,19.35893077967002
Shaped,4,3,320,19.29386114523355
Shaped,4,3,321,19.167456409443012
Shaped,4,3,322,19.316391963397745
Shaped,4,3,323,19.416000455895514
Shaped,4,3,324,19.392256789606463
Shaped,4,3,325,19.482772306929284
Shaped,4,3,326,19.75228652695097
Shaped,4,3,327,19.392622752510455
Shaped,4,3,328,-11.306227998480555
Shaped,4,3,329,19.62505725501186
Shaped,4,3,330,19.42285013281606
Shaped,4,3,331,19.48276099902146
Shaped,4,3,332,19.68132941989316
Shaped,4,3,333,19.36319607336538
Shaped,4,3,334,19.72654171430281
Shaped,4,3,335,19.339237636092832
Shaped,4,3,336,19.685375440510605
Shaped,4,3,337,19.295651848388246
Shaped,4,3,338,19.448041547317832
Shaped,4,3,339,19.29962078614223
Shaped,4,3,340,19.62773947407443
Shaped,4,3,341,19.332745012269392
Shaped,4,3,342,19.24816680138428
Shaped,4,3,343,19.27558920901032
Shaped,4,3,344,19.448764528316087
Shaped,4,3,345,5.814404860062865
Shaped,4,3,346,19.305568218269023
Shaped,4,3,347,19.3944024983972
Shaped,4,3,348,19.526889931098005
Shaped,4,3,349,19.604449215808394
Shaped,4,3,350,19.445181516355845
Shaped,4,3,351,19.3926693556638
Shaped,4,3,352,19.752253296134683
Shaped,4,3,353,7.499062301524885
Shaped,4,3,354,19.34782079374329
Shaped,4,3,355,19.73294182215453
Shaped,4,3,356,20.488176539738205
Shaped,4,3,357,19.43156657286658
Shaped,4,3,358,19.33680182651344
Shaped,4,3,359,19.65577522837705
Shaped,4,3,360,19.690654123112314
Shaped,4,3,361,19.317241383915828
Shaped,4,3,362,19.45228607342647
Shaped,4,3,363,19.727020184951115
Shaped,4,3,364,19.304380383237152
Shaped,4,3,365,17.536738508024513
Shaped,4,3,366,19.985251390018874
Shaped,4,3,367,19.666872809263786
Shaped,4,3,368,19.448652689013308
Shaped,4,3,369,19.30725002349834
Shaped,4,3,370,19.95305559429265
Shaped,4,3,371,19.453366994094218
Shaped,4,3,372,19.43479242742859
Shaped,4,3,373,19.299712329779233
Shaped,4,3,374,19.46988375938856
Shaped,4,3,375,19.364099403346515
Shaped,4,3,376,19.399231528716847
Shaped,4,3,377,19.33003771747534
Shaped,4,3,378,19.380228363473428
Shaped,4,3,379,19.350207224322702
Shaped,4,3,380,19.756437418238143
Shaped,4,3,381,15.808437955427742
Shaped,4,3,382,12.065630294797339
Shaped,4,3,383,19.809400447662348
Shaped,4,3,384,19.437723174296966
Shaped,4,3,385,19.4300998081982
Shaped,4,3,386,15.734441432911652
Shaped,4,3,387,19.97650332878736
Shaped,4,3,388,19.869871051072536
Shaped,4,3,389,19.66079936531943
Shaped,4,3,390,19.374702008667356
Shaped,4,3,391,19.712253522330386
Shaped,4,3,392,-12.4996531845228
Shaped,4,3,393,19.451005788955342
Shaped,4,3,394,19.383140448968035
Shaped,4,3,395,19.420754301837377
Shaped,4,3,396,15.69879074787797
Shaped,4,3,397,19.43123140761209
Shaped,4,3,398,19.472474273815095
Shaped,4,3,399,19.55639842056445
Shaped,4,3,400,19.424066907275176
Shaped,4,3,401,19.417998311523824
Shaped,4,3,402,19.34388201696274
Shaped,4,3,403,19.480909621672282
Shaped,4,3,404,-20.874940959708425
Shaped,4,3,405,19.81390344919913
Shaped,4,3,406,19.4630405333912
Shaped,4,3,407,19.406343406874903
Shaped,4,3,408,19.41297602869998
Shaped,4,3,409,19.582531244491605
Shaped,4,3,410,19.85222103798322
Shaped,4,3,411,19.565990456157458
Shaped,4,3,412,19.221924871395125
Shaped,4,3,413,19.396283804609162
Shaped,4,3,414,19.345332807975318
Shaped,4,3,415,19.325830960316758
Shaped,4,3,416,19.959726438984983
Shaped,4,3,417,19.35604145346356
Shaped,4,3,418,19.40825741934087
Shaped,4,3,419,19.318868698386773
Shaped,4,3,420,15.617737539977906
Shaped,4,3,421,19.45831210576977
Shaped,4,3,422,19.990350747195738
Shaped,4,3,423,19.730540439514538
Shaped,4,3,424,19.619296049757647
Shaped,4,3,425,19.350635825700962
Shaped,4,3,426,19.36348289578499
Shaped,4,3,427,19.71583460725521
Shaped,4,3,428,19.739291787752347
Shaped,4,3,429,19.316212590909903
Shaped,4,3,430,19.286198294898462
Shaped,4,3,431,19.752073038801406
Shaped,4,3,432,19.380743512126372
Shaped,4,3,433,19.448881381040458
Shaped,4,3,434,19.341531650814666
Shaped,4,3,435,-7.596891757887207
Shaped,4,3,436,19.45056893560719
Shaped,4,3,437,19.40383051032431
Shaped,4,3,438,19.43959696084965
Shaped,4,3,439,19.448091858001657
Shaped,4,3,440,19.355659385235473
Shaped,4,3,441,19.405827590026583
Shaped,4,3,442,19.666196975195337
Shaped,4,3,443,19.420226812722312
Shaped,4,3,444,19.380080440041596
Shaped,4,3,445,-13.87481511244744
Shaped,4,3,446,-27.357425057454293
Shaped,4,3,447,19.237333009246484
Shaped,4,3,448,19.663318398760087
Shaped,4,3,449,19.272285276578177
Shaped,4,3,450,19.393940919405146
Shaped,4,3,451,-13.220481645015795
Shaped,4,3,452,19.446319646930696
Shaped,4,3,453,19.283519524306502
Shaped,4,3,454,19.749227288560284
Shaped,4,3,455,19.2338148451059
Shaped,4,3,456,19.40498855245145
Shaped,4,3,457,19.356928613979004
Shaped,4,3,458,19.739264769098554
Shaped,4,3,459,19.43289074423628
Shaped,4,3,460,19.9052099618181
Shaped,4,3,461,19.317853390004558
Shaped,4,3,462,-32.21368201952509
Shaped,4,3,463,19.295177403478803
Shaped,4,3,464,19.297654618291606
Shaped,4,3,465,19.487035487540165
Shaped,4,3,466,19.446067557209112
Shaped,4,3,467,19.41863168702449
Shaped,4,3,468,19.328009510330247
Shaped,4,3,469,19.88493256838141
Shaped,4,3,470,19.43384506303
Shaped,4,3,471,-26.177084935383398
Shaped,4,3,472,19.405810120779208
Shaped,4,3,473,19.730516878055415
Shaped,4,3,474,19.312932708275437
Shaped,4,3,475,19.703408316051082
Shaped,4,3,476,19.753259951009753
Shaped,4,3,477,15.801287809215964
Shaped,4,3,478,19.382634326376124
Shaped,4,3,479,19.75522055344112
Shaped,4,3,480,19.695543681047
Shaped,4,3,481,19.746424784367342
Shaped,4,3,482,19.27616977929244
Shaped,4,3,483,-4.089131946087042
Shaped,4,3,484,19.74350810294326
Shaped,4,3,485,19.404881585153877
Shaped,4,3,486,19.323275572739554
Shaped,4,3,487,19.73256520236867
Shaped,4,3,488,19.32709908804913
Shaped,4,3,489,19.639477597213258
Shaped,4,3,490,19.292779170506634
Shaped,4,3,491,15.800183544792953
Shaped,4,3,492,19.982142554547966
Shaped,4,3,493,19.712150755332054
Shaped,4,3,494,19.427086375322418
Shaped,4,3,495,16.27253731025158
Shaped,4,3,496,19.38086376371605
Shaped,4,3,497,19.27120328982109
Shaped,4,3,498,19.44025977867953
Shaped,4,3,499,19.704811038894107
Shaped,4,3,500,19.66587251385289
Shaped,4,3,501,19.303434740055735
Shaped,4,3,502,19.123390096686386
Shaped,4,3,503,19.351434543183366
Shaped,4,3,504,19.423304648166166
Shaped,4,3,505,19.9854797766718
Shaped,4,3,506,-15.854911058407126
Shaped,4,3,507,1.168401364151455
Shaped,4,3,508,16.11855713223673
Shaped,4,3,509,19.353004921397627
Shaped,4,3,510,19.442339163050647
Shaped,4,3,511,19.241038596305575
Shaped,4,3,512,19.396847211823566
Shaped,4,3,513,19.318901204730196
Shaped,4,3,514,19.444808793595783
Shaped,4,3,515,19.455337377718195
Shaped,4,3,516,19.23292111983155
Shaped,4,3,517,20.245182299326732
Shaped,4,3,518,19.702920732661802
Shaped,4,3,519,19.24457904512586
Shaped,4,3,520,19.350824671000808
Shaped,4,3,521,19.34946595862825
Shaped,4,3,522,19.482531662139458
Shaped,4,3,523,15.848600681439141
Shaped,4,3,524,19.358712738371388
Shaped,4,3,525,-17.475344570866465
Shaped,4,3,526,19.910143878711125
Shaped,4,3,527,19.750725462860345
Shaped,4,3,528,11.62927087379029
Shaped,4,3,529,-30.24883204446307
Shaped,4,3,530,19.360702347095398
Shaped,4,3,531,19.722719649486564
Shaped,4,3,532,19.482647796461553
Shaped,4,3,533,19.278476173566045
Shaped,4,3,534,19.3062675560236
Shaped,4,3,535,19.21312554257161
Shaped,4,3,536,19.398033501484917
Shaped,4,3,537,19.299737716978804
Shaped,4,3,538,19.920681291335733
Shaped,4,3,539,3.5945412213538432
Shaped,4,3,540,19.267005578058182
Shaped,4,3,541,19.2669739803719
Shaped,4,3,542,19.310899062572567
Shaped,4,3,543,19.908005620997287
Shaped,4,3,544,19.36154455022065
Shaped,4,3,545,19.46369757864851
Shaped,4,3,546,19.44827557443563
Shaped,4,3,547,-24.728821238766457
Shaped,4,3,548,19.295569671530167
Shaped,4,3,549,19.39928260814485
Shaped,4,3,550,5.942767724935886
Shaped,4,3,551,-3.2705296974139415
Shaped,4,3,552,19.766984105484156
Shaped,4,3,553,19.69061798058823
Shaped,4,3,554,19.317076086733913
Shaped,4,3,555,-0.8876913597181382
Shaped,4,3,556,19.358369111263578
Shaped,4,3,557,19.219513833211305
Shaped,4,3,558,19.63842067125973
Shaped,4,3,559,19.36978812234575
Shaped,4,3,560,19.657678795986136
Shaped,4,3,561,19.291508471400746
Shaped,4,3,562,19.845255473978114
Shaped,4,3,563,19.368641747064906
Shaped,4,3,564,19.726096533714255
Shaped,4,3,565,-8.413169386208324
Shaped,4,3,566,18.827558134241247
Shaped,4,3,567,19.32329834113842
Shaped,4,3,568,19.30614434683458
Shaped,4,3,569,19.722557666884946
Shaped,4,3,570,19.320288061516216
Shaped,4,3,571,19.977753774978968
Shaped,4,3,572,19.461964313341
Shaped,4,3,573,19.31383393479981
Shaped,4,3,574,-6.659911466827204
Shaped,4,3,575,19.44898755984058
Shaped,4,3,576,19.648064973806697
Shaped,4,3,577,19.289220048583754
Shaped,4,3,578,19.23292111983155
Shaped,4,3,579,19.36048962707285
Shaped,4,3,580,19.730143832917143
Shaped,4,3,581,19.59036179111859
Shaped,4,3,582,19.65378131603626
Shaped,4,3,583,15.893486637900425
Shaped,4,3,584,19.410402282655383
Shaped,4,3,585,19.868544392300443
Shaped,4,3,586,19.37699165852316
Shaped,4,3,587,19.437732851157925
Shaped,4,3,588,19.302251004522482
Shaped,4,3,589,15.185195285408394
Shaped,4,3,590,19.46589339934267
Shaped,4,3,591,19.287796698625872
Shaped,4,3,592,19.71215113371366
Shaped,4,3,593,19.694628886486193
Shaped,4,3,594,19.138245067259398
Shaped,4,3,595,19.47931883783665
Shaped,4,3,596,19.387003622502615
Shaped,4,3,597,19.682982158943222
Shaped,4,3,598,19.69139888358372
Shaped,4,3,599,19.44829202900882
Shaped,4,3,600,19.342136636908265
Shaped,4,3,601,19.29720907945844
Shaped,4,3,602,-14.827850674778364
Shaped,4,3,603,19.20940043291007
Shaped,4,3,604,19.325852007509095
Shaped,4,3,605,18.256322367614075
Shaped,4,3,606,19.749930435767588
Shaped,4,3,607,3.6545971293858477
Shaped,4,3,608,19.4494157441944
Shaped,4,3,609,19.37404797078763
Shaped,4,3,610,19.207347048898065
Shaped,4,3,611,19.651813123199936
Shaped,4,3,612,19.905933408034294
Shaped,4,3,613,19.458612430183713
Shaped,4,3,614,19.94473429749195
Shaped,4,3,615,19.821423872356412
Shaped,4,3,616,19.70375943620312
Shaped,4,3,617,19.416755059555914
Shaped,4,3,618,19.387289428491123
Shaped,4,3,619,19.062592900690905
Shaped,4,3,620,15.923116640100723
Shaped,4,3,621,19.445891613567255
Shaped,4,3,622,-9.69628471020443
Shaped,4,3,623,18.93417384207096
Shaped,4,3,624,15.271101051495506
Shaped,4,3,625,-36.43558019528119
Shaped,4,3,626,19.751140533120648
Shaped,4,3,627,19.749258100829472
Shaped,4,3,628,19.470987555360647
Shaped,4,3,629,19.368996145393464
Shaped,4,3,630,19.22313202245641
Shaped,4,3,631,19.647780770018024
Shaped,4,3,632,19.806033572128158
Shaped,4,3,633,-41.90363848628849
Shaped,4,3,634,19.349985490922684
Shaped,4,3,635,19.443765779769116
Shaped,4,3,636,19.241655724971743
Shaped,4,3,637,19.72494091563972
Shaped,4,3,638,19.372976962501568
Shaped,4,3,639,19.479784063923283
Shaped,4,3,640,19.479572443874368
Shaped,4,3,641,19.31342663428387
Shaped,4,3,642,19.384233545639646
Shaped,4,3,643,19.411165389189165
Shaped,4,3,644,19.44830651205177
Shaped,4,3,645,19.66791533496506
Shaped,4,3,646,19.406862322164187
Shaped,4,3,647,19.98292125891079
Shaped,4,3,648,19.359923760302294
Shaped,4,3,649,19.910463566411387
Shaped,4,3,650,19.236618231803575
Shaped,4,3,651,19.235272955214896
Shaped,4,3,652,19.766473698853275
Shaped,4,3,653,19.447176894728372
Shaped,4,3,654,19.712777493881852
Shaped,4,3,655,19.96724166677062
Shaped,4,3,656,19.3751312642178
Shaped,4,3,657,-15.28480369967172
Shaped,4,3,658,19.394643074771857
Shaped,4,3,659,19.37067344280591
Shaped,4,3,660,19.427024769165733
Shaped,4,3,661,19.67600190338461
Shaped,4,3,662,19.243511918178903
Shaped,4,3,663,19.306707666171604
Shaped,4,3,664,19.430967006861017
Shaped,4,3,665,19.445475400983405
Shaped,4,3,666,19.333652368703422
Shaped,4,3,667,19.264404122935026
Shaped,4,3,668,19.24574546983481
Shaped,4,3,669,19.42757748686462
Shaped,4,3,670,19.40560804570019
Shaped,4,3,671,15.911644192251753
Shaped,4,3,672,19.40078265668849
Shaped,4,3,673,19.278268801787668
Shaped,4,3,674,19.761161595735395
Shaped,4,3,675,19.727683555597714
Shaped,4,3,676,19.411639506577266
Shaped,4,3,677,19.98225878604497
Shaped,4,3,678,19.413817388533975
Shaped,4,3,679,19.30710095914226
Shaped,4,3,680,19.324480379066948
Shaped,4,3,681,-18.099418116710094
Shaped,4,3,682,19.819063608620745
Shaped,4,3,683,19.750982370721843
Shaped,4,3,684,19.975999056872173
Shaped,4,3,685,19.416415176528318
Shaped,4,3,686,19.677794242880104
Shaped,4,3,687,19.448202243371483
Shaped,4,3,688,19.24684889721801
Shaped,4,3,689,19.640134899559165
Shaped,4,3,690,19.712253522330386
Shaped,4,3,691,19.16463376720653
Shaped,4,3,692,19.742416810239774
Shaped,4,3,693,5.519446398948498
Shaped,4,3,694,19.711637169253876
Shaped,4,3,695,19.424417527063206
Shaped,4,3,696,-23.638021446920135
Shaped,4,3,697,19.399482065581957
Shaped,4,3,698,19.61633193779965
Shaped,4,3,699,19.2831009231135
Shaped,4,3,700,19.276335585118186
Shaped,4,3,701,-23.369969562021325
Shaped,4,3,702,19.424975095929188
Shaped,4,3,703,19.982061767157493
Shaped,4,3,704,19.421482782153305
Shaped,4,3,705,19.30062821314632
Shaped,4,3,706,19.465680012276678
Shaped,4,3,707,19.245465348533976
Shaped,4,3,708,19.8566995547418
Shaped,4,3,709,19.42652379503531
Shaped,4,3,710,19.66160222757845
Shaped,4,3,711,19.707077959553025
Shaped,4,3,712,19.431901544628918
Shaped,4,3,713,19.285938269611094
Shaped,4,3,714,19.395859538017554
Shaped,4,3,715,-19.36795811548548
Shaped,4,3,716,19.63912972596173
Shaped,4,3,717,19.38569066587202
Shaped,4,3,718,2.2698301305750563
Shaped,4,3,719,19.74136660763974
Shaped,4,3,720,19.46580164621202
Shaped,4,3,721,16.04285179148977
Shaped,4,3,722,19.43316998419241
Shaped,4,3,723,19.39752731452304
Shaped,4,3,724,16.14066880221009
Shaped,4,3,725,19.482500910262896
Shaped,4,3,726,19.38031411073656
Shaped,4,3,727,19.367048034454374
Shaped,4,3,728,19.75301300439485
Shaped,4,3,729,19.289138630402284
Shaped,4,3,730,10.70553209199502
Shaped,4,3,731,19.342142935194417
Shaped,4,3,732,19.473700222617033
Shaped,4,3,733,19.464517627854274
Shaped,4,3,734,19.44074973026582
Shaped,4,3,735,19.383747257007226
Shaped,4,3,736,19.67606700742465
Shaped,4,3,737,15.835855028807392
Shaped,4,3,738,19.93467294173103
Shaped,4,3,739,19.338058371004223
Shaped,4,3,740,19.727178141376296
Shaped,4,3,741,19.23380925691096
Shaped,4,3,742,19.27846912615117
Shaped,4,3,743,19.7109654043539
Shaped,4,3,744,19.286426101102844
Shaped,4,3,745,19.317662141633548
Shaped,4,3,746,19.610279411187292
Shaped,4,3,747,19.340140159951865
Shaped,4,3,748,19.469885729107684
Shaped,4,3,749,19.36703784994578
Shaped,4,3,750,-2.5982098399325366
Shaped,4,3,751,19.41358970577672
Shaped,4,3,752,19.467840010773763
Shaped,4,3,753,19.430213347962344
Shaped,4,3,754,19.949910151220458
Shaped,4,3,755,19.822212452236293
Shaped,4,3,756,19.608629134277372
Shaped,4,3,757,19.486785535905923
Shaped,4,3,758,19.411407383466077
Shaped,4,3,759,19.69817849509382
Shaped,4,3,760,19.9528054065998
Shaped,4,3,761,19.452478652613237
Shaped,4,3,762,19.703294322728535
Shaped,4,3,763,19.280267730780494
Shaped,4,3,764,19.250214728889638
Shaped,4,3,765,19.962321539115578
Shaped,4,3,766,19.716633683485483
Shaped,4,3,767,15.951669808442622
Shaped,4,3,768,19.466624446604662
Shaped,4,3,769,19.322037370171994
Shaped,4,3,770,19.466424741040868
Shaped,4,3,771,19.427660979096206
Shaped,4,3,772,-7.420825883404522
Shaped,4,3,773,19.292963540649144
Shaped,4,3,774,19.345464464502
Shaped,4,3,775,19.35028355015842
Shaped,4,3,776,19.97662548501649
Shaped,4,3,777,19.689877963453966
Shaped,4,3,778,3.8361773640534587
Shaped,4,3,779,19.644990782902944
Shaped,4,3,780,19.445378752150816
Shaped,4,3,781,19.332188340144796
Shaped,4,3,782,19.409914221031062
Shaped,4,3,783,19.57162526580266
Shaped,4,3,784,19.734281936814327
Shaped,4,3,785,-9.0280288892504
Shaped,4,3,786,-17.612412550822512
Shaped,4,3,787,19.749216073754454
Shaped,4,3,788,19.450038250195654
Shaped,4,3,789,19.280530382431436
Shaped,4,3,790,19.71923422411365
Shaped,4,3,791,19.378545120448184
Shaped,4,3,792,19.437366679865193
Shaped,4,3,793,19.401487984525254
Shaped,4,3,794,19.264842828203044
Shaped,4,3,795,19.321313416673185
Shaped,4,3,796,19.45876069994985
Shaped,4,3,797,19.7281511789122
Shaped,4,3,798,-33.4584117295823
Shaped,4,3,799,19.278737984565296
Shaped,4,3,800,19.400514098415794
Shaped,4,3,801,19.406399643731746
Shaped,4,3,802,19.753063665867952
Shaped,4,3,803,19.714606970450074
Shaped,4,3,804,19.328914797946087
Shaped,4,3,805,19.409820140459598
Shaped,4,3,806,19.447150063525285
Shaped,4,3,807,19.354229041708116
Shaped,4,3,808,19.295437449443646
Shaped,4,3,809,19.333104187724814
Shaped,4,3,810,16.785018200075815
Shaped,4,3,811,19.28229371822436
Shaped,4,3,812,19.700936509576675
Shaped,4,3,813,-11.260420915306
Shaped,4,3,814,19.472262676368274
Shaped,4,3,815,19.687750313988815
Shaped,4,3,816,19.96183166878027
Shaped,4,3,817,19.71012976167524
Shaped,4,3,818,3.4356354779988285
Shaped,4,3,819,19.27445396854459
Shaped,4,3,820,19.75490551975011
Shaped,4,3,821,19.44479906962266
Shaped,4,3,822,-38.07474662929755
Shaped,4,3,823,19.71041726413673
Shaped,4,3,824,19.464353234354007
Shaped,4,3,825,19.25050076557167
Shaped,4,3,826,19.36742719020196
Shaped,4,3,827,19.321061581482798
Shaped,4,3,828,19.455723634183336
Shaped,4,3,829,19.401536063526937
Shaped,4,3,830,19.420747845857253
Shaped,4,3,831,14.493286904291814
Shaped,4,3,832,-10.18892701555703
Shaped,4,3,833,19.35534480382421
Shaped,4,3,834,19.345232959114163
Shaped,4,3,835,-6.192811969737779
Shaped,4,3,836,19.754658995027086
Shaped,4,3,837,19.298789856290174
Shaped,4,3,838,19.364689541615444
Shaped,4,3,839,19.375636417069757
Shaped,4,3,840,19.850258227013065
Shaped,4,3,841,19.389639619154952
Shaped,4,3,842,19.71508322071059
Shaped,4,3,843,19.712253522330386
Shaped,4,3,844,19.315039445706375
Shaped,4,3,845,19.73555951107413
Shaped,4,3,846,19.402000140785546
Shaped,4,3,847,19.757417400279493
Shaped,4,3,848,19.448883621699878
Shaped,4,3,849,19.431921885789272
Shaped,4,3,850,19.715209535661067
Shaped,4,3,851,19.30658906641073
Shaped,4,3,852,19.77115018172173
Shaped,4,3,853,19.712253522330386
Shaped,4,3,854,-7.951511495283032
Shaped,4,3,855,19.316690812521394
Shaped,4,3,856,19.48260485017382
Shaped,4,3,857,19.367641309197456
Shaped,4,3,858,19.44784963325871
Shaped,4,3,859,19.272185124205006
Shaped,4,3,860,19.290257969805985
Shaped,4,3,861,15.015705957004911
Shaped,4,3,862,19.23005317936365
Shaped,4,3,863,19.394448290475857
Shaped,4,3,864,19.370046280104084
Shaped,4,3,865,19.461823958128036
Shaped,4,3,866,19.480915370365523
Shaped,4,3,867,19.421238013172946
Shaped,4,3,868,19.245707047299582
Shaped,4,3,869,19.45150327687317
Shaped,4,3,870,19.735703123389563
Shaped,4,3,871,19.466344535277766
Shaped,4,3,872,-0.46454248573080115
Shaped,4,3,873,19.712253522330386
Shaped,4,3,874,19.295125310733354
Shaped,4,3,875,19.69842400319495
Shaped,4,3,876,15.755507174321124
Shaped,4,3,877,15.986377482976373
Shaped,4,3,878,19.445221460577983
Shaped,4,3,879,19.435082539434234
Shaped,4,3,880,19.230000233925644
Shaped,4,3,881,19.32718398684328
Shaped,4,3,882,19.722292077731424
Shaped,4,3,883,19.27111578235699
Shaped,4,3,884,19.407084897855732
Shaped,4,3,885,19.688430248941085
Shaped,4,3,886,19.33432653230677
Shaped,4,3,887,19.360916879920346
Shaped,4,3,888,19.51186497749271
Shaped,4,3,889,19.348906544750164
Shaped,4,3,890,19.0380651930357
Shaped,4,3,891,19.921458960463305
Shaped,4,3,892,19.901953547036406
Shaped,4,3,893,19.360193894105766
Shaped,4,3,894,19.48825642749759
Shaped,4,3,895,19.407853719617762
Shaped,4,3,896,3.892222362146738
Shaped,4,3,897,19.425642273109716
Shaped,4,3,898,19.431158514704503
Shaped,4,3,899,19.453581773369102
Shaped,4,3,900,19.41286724691534
Shaped,4,3,901,19.98630057318478
Shaped,4,3,902,19.23292111983155
Shaped,4,3,903,19.452560109815963
Shaped,4,3,904,15.782989410739294
Shaped,4,3,905,19.979937338361378
Shaped,4,3,906,19.730328220424667
Shaped,4,3,907,19.9198489798802
Shaped,4,3,908,19.27719282281398
Shaped,4,3,909,19.417374565724884
Shaped,4,3,910,15.878828304280798
Shaped,4,3,911,19.382672493557152
Shaped,4,3,912,19.415163508017272
Shaped,4,3,913,19.4272727838793
Shaped,4,3,914,19.425555077271277
Shaped,4,3,915,19.429821316281497
Shaped,4,3,916,19.28800620611436
Shaped,4,3,917,19.45683927065026
Shaped,4,3,918,15.497449072645324
Shaped,4,3,919,19.340641016092253
Shaped,4,3,920,19.412341175808226
Shaped,4,3,921,19.442339328157274
Shaped,4,3,922,19.427728211587187
Shaped,4,3,923,19.87953324227592
Shaped,4,3,924,19.447242042843452
Shaped,4,3,925,19.204881285281097
Shaped,4,3,926,19.38515774864515
Shaped,4,3,927,19.383306673418062
Shaped,4,3,928,19.422973309794237
Shaped,4,3,929,19.358958671885865
Shaped,4,3,930,19.341486346559705
Shaped,4,3,931,19.325359280277066
Shaped,4,3,932,19.321186052148036
Shaped,4,3,933,19.63739924203471
Shaped,4,3,934,19.750478021039797
Shaped,4,3,935,4.183581348608114
Shaped,4,3,936,19.89471727680437
Shaped,4,3,937,-25.512666691601687
Shaped,4,3,938,19.571451312457853
Shaped,4,3,939,19.534165781153185
Shaped,4,3,940,19.802322607340216
Shaped,4,3,941,-17.1466681922019
Shaped,4,3,942,19.282091389861712
Shaped,4,3,943,19.45944211981016
Shaped,4,3,944,19.319244851483205
Shaped,4,3,945,-30.391055261207008
Shaped,4,3,946,19.454387944720146
Shaped,4,3,947,19.379568075589134
Shaped,4,3,948,19.40388567103826
Shaped,4,3,949,19.409280328935345
Shaped,4,3,950,19.608617915952422
Shaped,4,3,951,19.346491752724503
Shaped,4,3,952,19.716841155452634
Shaped,4,3,953,19.732295162185153
Shaped,4,3,954,19.97863946837207
Shaped,4,3,955,19.889878474238188
Shaped,4,3,956,19.477779374598228
Shaped,4,3,957,19.969708463901483
Shaped,4,3,958,19.46115397825575
Shaped,4,3,959,16.066760654613773
Shaped,4,3,960,19.4056825361033
Shaped,4,3,961,19.714201089355697
Shaped,4,3,962,19.466089347685653
Shaped,4,3,963,19.650704686247636
Shaped,4,3,964,19.245592239887795
Shaped,4,3,965,19.675300160350865
Shaped,4,3,966,19.89651373900886
Shaped,4,3,967,19.481506474318266
Shaped,4,3,968,19.444201836117387
Shaped,4,3,969,19.31956450758337
Shaped,4,3,970,19.4106708235325
Shaped,4,3,971,19.849802384410935
Shaped,4,3,972,19.985485042686925
Shaped,4,3,973,19.231961153617352
Shaped,4,3,974,19.95726491766073
Shaped,4,3,975,19.419867943269967
Shaped,4,3,976,19.740005384080185
Shaped,4,3,977,19.44551981957646
Shaped,4,3,978,19.374460170688806
Shaped,4,3,979,19.33681911540924
Shaped,4,3,980,19.23292111983155
Shaped,4,3,981,19.72958685973378
Shaped,4,3,982,19.66495840894376
Shaped,4,3,983,19.35076251047575
Shaped,4,3,984,19.3224067067482
Shaped,4,3,985,19.71469323390258
Shaped,4,3,986,19.423301440790404
Shaped,4,3,987,19.730102853082812
Shaped,4,3,988,19.40561472105722
Shaped,4,3,989,19.71147921299469
Shaped,4,3,990,18.70737952633187
Shaped,4,3,991,19.45128412111235
Shaped,4,3,992,19.420102294938385
Shaped,4,3,993,19.7133961176098
Shaped,4,3,994,19.61399191034412
Shaped,4,3,995,19.38449220145684
Shaped,4,3,996,19.330317239424257
Shaped,4,3,997,19.735215034770384
Shaped,4,3,998,19.22952123596462
Shaped,4,3,999,19.677380784615305
Shaped Stable,3,4,0,5.235008345182816
Shaped Stable,3,4,1,6.8536953520855235
Shaped Stable,3,4,2,8.1411308613743
Shaped Stable,3,4,3,-3.650388435998012
Shaped Stable,3,4,4,6.462308123801226
Shaped Stable,3,4,5,7.778359252905483
Shaped Stable,3,4,6,9.016617467499973
Shaped Stable,3,4,7,10.307055140223845
Shaped Stable,3,4,8,11.150456126749956
Shaped Stable,3,4,9,12.239895889450313
Shaped Stable,3,4,10,0.80705303745769
Shaped Stable,3,4,11,9.578849045223006
Shaped Stable,3,4,12,10.600251798600729
Shaped Stable,3,4,13,11.282903782233088
Shaped Stable,3,4,14,12.455529139853171
Shaped Stable,3,4,15,13.48399702401373
Shaped Stable,3,4,16,6.405644216754767
Shaped Stable,3,4,17,11.456214021928409
Shaped Stable,3,4,18,12.103501991927496
Shaped Stable,3,4,19,13.13256211324717
Shaped Stable,3,4,20,9.678306578498175
Shaped Stable,3,4,21,14.284285196591519
Shaped Stable,3,4,22,14.481218219293265
Shaped Stable,3,4,23,15.357545499185917
Shaped Stable,3,4,24,2.915817283396465
Shaped Stable,3,4,25,11.750598025287609
Shaped Stable,3,4,26,12.358780766081683
Shaped Stable,3,4,27,13.809578980079003
Shaped Stable,3,4,28,13.852023921633489
Shaped Stable,3,4,29,14.412373473934569
Shaped Stable,3,4,30,4.132704582031012
Shaped Stable,3,4,31,11.15074859755903
Shaped Stable,3,4,32,12.601658748216538
Shaped Stable,3,4,33,13.355928085395123
Shaped Stable,3,4,34,14.07271150277031
Shaped Stable,3,4,35,15.52074028950416
Shaped Stable,3,4,36,15.133109279466037
Shaped Stable,3,4,37,15.643018812951997
Shaped Stable,3,4,38,15.625683023776865
Shaped Stable,3,4,39,16.242443707477676
Shaped Stable,3,4,40,16.967558438033805
Shaped Stable,3,4,41,16.794141179073076
Shaped Stable,3,4,42,17.174089058571987
Shaped Stable,3,4,43,17.820559524360053
Shaped Stable,3,4,44,17.870043433291844
Shaped Stable,3,4,45,18.083329195537345
Shaped Stable,3,4,46,18.375293252212487
Shaped Stable,3,4,47,18.31085223208576
Shaped Stable,3,4,48,14.556474956368927
Shaped Stable,3,4,49,15.735466293946317
Shaped Stable,3,4,50,16.02332146846074
Shaped Stable,3,4,51,16.708848638534946
Shaped Stable,3,4,52,16.52249899749095
Shaped Stable,3,4,53,16.8298162486651
Shaped Stable,3,4,54,16.986293476197808
Shaped Stable,3,4,55,22.51440673693391
Shaped Stable,3,4,56,17.3426628334538
Shaped Stable,3,4,57,18.064230847312267
Shaped Stable,3,4,58,18.482886404339542
Shaped Stable,3,4,59,18.411858036667123
Shaped Stable,3,4,60,17.910088623786034
Shaped Stable,3,4,61,18.066092446130007
Shaped Stable,3,4,62,18.521259617497947
Shaped Stable,3,4,63,18.03828563136
Shaped Stable,3,4,64,18.933550412553444
Shaped Stable,3,4,65,18.88040471188639
Shaped Stable,3,4,66,18.95334157616092
Shaped Stable,3,4,67,19.278911328131343
Shaped Stable,3,4,68,15.877158276990532
Shaped Stable,3,4,69,17.38013005480559
Shaped Stable,3,4,70,18.51475972286179
Shaped Stable,3,4,71,18.29199856228575
Shaped Stable,3,4,72,18.547275231821157
Shaped Stable,3,4,73,18.076860399858624
Shaped Stable,3,4,74,18.830984294367372
Shaped Stable,3,4,75,13.01171460577647
Shaped Stable,3,4,76,16.8820323076392
Shaped Stable,3,4,77,17.316327895270074
Shaped Stable,3,4,78,17.769876952999724
Shaped Stable,3,4,79,17.3605511358415
Shaped Stable,3,4,80,18.217277219718664
Shaped Stable,3,4,81,18.187474718644683
Shaped Stable,3,4,82,12.460713344803429
Shaped Stable,3,4,83,15.605752701378481
Shaped Stable,3,4,84,15.822786906168085
Shaped Stable,3,4,85,15.995552684519481
Shaped Stable,3,4,86,16.60983648595373
Shaped Stable,3,4,87,17.143888016937296
Shaped Stable,3,4,88,18.07109581676236
Shaped Stable,3,4,89,16.834924098702693
Shaped Stable,3,4,90,17.133806954820088
Shaped Stable,3,4,91,17.423978151998856
Shaped Stable,3,4,92,17.74835993561551
Shaped Stable,3,4,93,19.89977332819761
Shaped Stable,3,4,94,17.888070711458127
Shaped Stable,3,4,95,17.909710329128593
Shaped Stable,3,4,96,17.978240071144942
Shaped Stable,3,4,97,18.520981073001003
Shaped Stable,3,4,98,18.42649332057886
Shaped Stable,3,4,99,17.82648288417309
Shaped Stable,3,4,100,18.558159693377128
Shaped Stable,3,4,101,19.039525133579325
Shaped Stable,3,4,102,18.86705943469129
Shaped Stable,3,4,103,13.397404148463107
Shaped Stable,3,4,104,19.118834394998483
Shaped Stable,3,4,105,19.191544474389907
Shaped Stable,3,4,106,19.412361111815102
Shaped Stable,3,4,107,14.425980610590807
Shaped Stable,3,4,108,17.12077084024862
Shaped Stable,3,4,109,17.509682799763365
Shaped Stable,3,4,110,17.887517765390424
Shaped Stable,3,4,111,18.550965481642095
Shaped Stable,3,4,112,17.9627982060483
Shaped Stable,3,4,113,12.68064436900509
Shaped Stable,3,4,114,18.5470300584307
Shaped Stable,3,4,115,18.57875362124394
Shaped Stable,3,4,116,18.50043736238158
Shaped Stable,3,4,117,18.797001937349265
Shaped Stable,3,4,118,19.109437698340198
Shaped Stable,3,4,119,18.651506716201023
Shaped Stable,3,4,120,19.204057604188886
Shaped Stable,3,4,121,19.148656521475328
Shaped Stable,3,4,122,19.280006578438417
Shaped Stable,3,4,123,19.649846554882846
Shaped Stable,3,4,124,20.586235165629226
Shaped Stable,3,4,125,18.79972392223088
Shaped Stable,3,4,126,18.866441287948238
Shaped Stable,3,4,127,18.94875542947559
Shaped Stable,3,4,128,19.19537749187473
Shaped Stable,3,4,129,19.22846397005805
Shaped Stable,3,4,130,13.587160850067749
Shaped Stable,3,4,131,18.816348270896437
Shaped Stable,3,4,132,19.297714698146905
Shaped Stable,3,4,133,19.648284481055526
Shaped Stable,3,4,134,19.540047338894436
Shaped Stable,3,4,135,19.672092287978312
Shaped Stable,3,4,136,19.68494406608519
Shaped Stable,3,4,137,19.437082602304713
Shaped Stable,3,4,138,19.780855079438215
Shaped Stable,3,4,139,20.63447131296136
Shaped Stable,3,4,140,19.84456436214061
Shaped Stable,3,4,141,19.592887501751477
Shaped Stable,3,4,142,19.573264509583918
Shaped Stable,3,4,143,14.954903174841002
Shaped Stable,3,4,144,17.083969533893367
Shaped Stable,3,4,145,11.813824272597095
Shaped Stable,3,4,146,18.552092412741683
Shaped Stable,3,4,147,17.48934398376846
Shaped Stable,3,4,148,17.532077616412813
Shaped Stable,3,4,149,17.938221871698733
Shaped Stable,3,4,150,18.339608729824764
Shaped Stable,3,4,151,17.949979659941206
Shaped Stable,3,4,152,18.6594563723547
Shaped Stable,3,4,153,18.556196873680282
Shaped Stable,3,4,154,18.68040319448296
Shaped Stable,3,4,155,18.778876811004935
Shaped Stable,3,4,156,18.980553578616956
Shaped Stable,3,4,157,18.971946953116035
Shaped Stable,3,4,158,19.009285993896206
Shaped Stable,3,4,159,18.963303112964493
Shaped Stable,3,4,160,19.390845752294503
Shaped Stable,3,4,161,19.209987136596613
Shaped Stable,3,4,162,19.267921220538412
Shaped Stable,3,4,163,19.526045949461853
Shaped Stable,3,4,164,18.577322568481716
Shaped Stable,3,4,165,19.41145207519447
Shaped Stable,3,4,166,19.658528022268428
Shaped Stable,3,4,167,19.016385858175592
Shaped Stable,3,4,168,19.76375585430794
Shaped Stable,3,4,169,19.50959239346698
Shaped Stable,3,4,170,19.369669990715416
Shaped Stable,3,4,171,14.197979963681814
Shaped Stable,3,4,172,24.924639038259894
Shaped Stable,3,4,173,19.52583006015563
Shaped Stable,3,4,174,19.383084665062853
Shaped Stable,3,4,175,19.833535773986682
Shaped Stable,3,4,176,19.700853132589295
Shaped Stable,3,4,177,19.45380674118955
Shaped Stable,3,4,178,19.341896731841615
Shaped Stable,3,4,179,19.34288141230168
Shaped Stable,3,4,180,18.931949463606912
Shaped Stable,3,4,181,19.447722190035826
Shaped Stable,3,4,182,19.758580049487612
Shaped Stable,3,4,183,19.599135626249588
Shaped Stable,3,4,184,20.013309282241813
Shaped Stable,3,4,185,19.847593377554595
Shaped Stable,3,4,186,19.957862913301565
Shaped Stable,3,4,187,19.623374286734908
Shaped Stable,3,4,188,19.45251903490413
Shaped Stable,3,4,189,19.780597114397874
Shaped Stable,3,4,190,19.841014577786346
Shaped Stable,3,4,191,20.855546746881927
Shaped Stable,3,4,192,19.223617943396203
Shaped Stable,3,4,193,19.31008248243815
Shaped Stable,3,4,194,19.34805280480196
Shaped Stable,3,4,195,19.58612205942043
Shaped Stable,3,4,196,21.948762382648958
Shaped Stable,3,4,197,18.946640144061647
Shaped Stable,3,4,198,19.26848213939061
Shaped Stable,3,4,199,9.982941643350458
Shaped Stable,3,4,200,15.636024207128164
Shaped Stable,3,4,201,16.044103610067076
Shaped Stable,3,4,202,3.061933224621459
Shaped Stable,3,4,203,12.374442208059712
Shaped Stable,3,4,204,10.166399435533311
Shaped Stable,3,4,205,12.198895626131463
Shaped Stable,3,4,206,12.946157111846887
Shaped Stable,3,4,207,13.780258053352789
Shaped Stable,3,4,208,14.39670655141617
Shaped Stable,3,4,209,15.513758891069607
Shaped Stable,3,4,210,15.087266005005098
Shaped Stable,3,4,211,14.9903381620536
Shaped Stable,3,4,212,16.00312073605176
Shaped Stable,3,4,213,15.682000975565344
Shaped Stable,3,4,214,16.65119763057116
Shaped Stable,3,4,215,17.001485460910008
Shaped Stable,3,4,216,16.96222607036172
Shaped Stable,3,4,217,17.525936936067612
Shaped Stable,3,4,218,6.543367474951415
Shaped Stable,3,4,219,15.721561136098861
Shaped Stable,3,4,220,14.392584162223066
Shaped Stable,3,4,221,14.839745576555883
Shaped Stable,3,4,222,15.491562110457242
Shaped Stable,3,4,223,10.978574168984709
Shaped Stable,3,4,224,16.285417414874804
Shaped Stable,3,4,225,16.13682176800706
Shaped Stable,3,4,226,17.317638951120948
Shaped Stable,3,4,227,13.853138686245389
Shaped Stable,3,4,228,15.624721624795395
Shaped Stable,3,4,229,16.011989745114317
Shaped Stable,3,4,230,16.124043489343325
Shaped Stable,3,4,231,16.971868320204397
Shaped Stable,3,4,232,16.97543000621063
Shaped Stable,3,4,233,6.846509851107415
Shaped Stable,3,4,234,13.026118090939294
Shaped Stable,3,4,235,14.202077783428141
Shaped Stable,3,4,236,14.759074685137959
Shaped Stable,3,4,237,15.341843383987412
Shaped Stable,3,4,238,15.699438685497181
Shaped Stable,3,4,239,16.331741287090097
Shaped Stable,3,4,240,12.929768221433859
Shaped Stable,3,4,241,13.800424359991531
Shaped Stable,3,4,242,14.649312349095613
Shaped Stable,3,4,243,15.28005171930094
Shaped Stable,3,4,244,15.587358114760304
Shaped Stable,3,4,245,15.774617682856276
Shaped Stable,3,4,246,16.609797692904017
Shaped Stable,3,4,247,16.28124147110819
Shaped Stable,3,4,248,16.93825411940074
Shaped Stable,3,4,249,17.499797005174976
Shaped Stable,3,4,250,17.18480449087793
Shaped Stable,3,4,251,18.312079602291387
Shaped Stable,3,4,252,18.310658275064274
Shaped Stable,3,4,253,19.588326201683074
Shaped Stable,3,4,254,18.552183092302347
Shaped Stable,3,4,255,18.446411375430422
Shaped Stable,3,4,256,13.317050274216179
Shaped Stable,3,4,257,19.037615440741725
Shaped Stable,3,4,258,17.664507933602124
Shaped Stable,3,4,259,18.190239158448826
Shaped Stable,3,4,260,18.49265889420107
Shaped Stable,3,4,261,18.22946205594448
Shaped Stable,3,4,262,18.696400719278376
Shaped Stable,3,4,263,12.89303088747277
Shaped Stable,3,4,264,8.549982574021067
Shaped Stable,3,4,265,13.06925613270679
Shaped Stable,3,4,266,14.21530904931826
Shaped Stable,3,4,267,16.184174222409396
Shaped Stable,3,4,268,14.895463304484123
Shaped Stable,3,4,269,15.605480688164839
Shaped Stable,3,4,270,10.921868971691737
Shaped Stable,3,4,271,16.53875873834847
Shaped Stable,3,4,272,16.297276858278313
Shaped Stable,3,4,273,17.021076302457853
Shaped Stable,3,4,274,17.155522618669874
Shaped Stable,3,4,275,17.5208505249724
Shaped Stable,3,4,276,17.617659757776515
Shaped Stable,3,4,277,18.291600340464104
Shaped Stable,3,4,278,18.084708493940884
Shaped Stable,3,4,279,12.95635552931909
Shaped Stable,3,4,280,15.75923416115902
Shaped Stable,3,4,281,16.302917107194425
Shaped Stable,3,4,282,16.312341910484452
Shaped Stable,3,4,283,17.022398707633524
Shaped Stable,3,4,284,16.573583201663826
Shaped Stable,3,4,285,16.71923476781092
Shaped Stable,3,4,286,17.676567762385243
Shaped Stable,3,4,287,17.88297586748886
Shaped Stable,3,4,288,18.067179554989004
Shaped Stable,3,4,289,17.945276910657793
Shaped Stable,3,4,290,17.841181996447773
Shaped Stable,3,4,291,18.798085467695675
Shaped Stable,3,4,292,18.864378418717703
Shaped Stable,3,4,293,19.06365582384708
Shaped Stable,3,4,294,19.14267497077344
Shaped Stable,3,4,295,19.377516645568036
Shaped Stable,3,4,296,17.415101051780113
Shaped Stable,3,4,297,18.27345153149954
Shaped Stable,3,4,298,17.805457840311224
Shaped Stable,3,4,299,18.268331428656435
Shaped Stable,3,4,300,18.780900463133285
Shaped Stable,3,4,301,18.905246010832705
Shaped Stable,3,4,302,18.95746379601285
Shaped Stable,3,4,303,18.46699153883758
Shaped Stable,3,4,304,19.25631734150762
Shaped Stable,3,4,305,19.294584375623675
Shaped Stable,3,4,306,19.146475375690848
Shaped Stable,3,4,307,19.16859612285561
Shaped Stable,3,4,308,20.61415686576575
Shaped Stable,3,4,309,18.75994321941358
Shaped Stable,3,4,310,19.284372739737385
Shaped Stable,3,4,311,19.34227217804988
Shaped Stable,3,4,312,19.59262508368479
Shaped Stable,3,4,313,22.80641913572764
Shaped Stable,3,4,314,18.66229448286541
Shaped Stable,3,4,315,19.140737874366163
Shaped Stable,3,4,316,18.868148256000328
Shaped Stable,3,4,317,19.327246259811023
Shaped Stable,3,4,318,19.016779139753623
Shaped Stable,3,4,319,13.731745475640581
Shaped Stable,3,4,320,18.533848777192333
Shaped Stable,3,4,321,19.368079255775402
Shaped Stable,3,4,322,19.206536033865707
Shaped Stable,3,4,323,13.444852819909325
Shaped Stable,3,4,324,19.84506341368768
Shaped Stable,3,4,325,20.16702489925001
Shaped Stable,3,4,326,19.594566886855546
Shaped Stable,3,4,327,16.5490279407218
Shaped Stable,3,4,328,18.388661796355837
Shaped Stable,3,4,329,18.38708350029025
Shaped Stable,3,4,330,17.7986378604324
Shaped Stable,3,4,331,17.410298853338055
Shaped Stable,3,4,332,9.881746281381753
Shaped Stable,3,4,333,14.280043971314972
Shaped Stable,3,4,334,15.542617661092349
Shaped Stable,3,4,335,16.158984634347135
Shaped Stable,3,4,336,16.244835814787283
Shaped Stable,3,4,337,16.697764447873052
Shaped Stable,3,4,338,16.931935321843813
Shaped Stable,3,4,339,17.43708269255435
Shaped Stable,3,4,340,17.450504504879344
Shaped Stable,3,4,341,18.03664502189911
Shaped Stable,3,4,342,17.72398424114469
Shaped Stable,3,4,343,17.614138785470907
Shaped Stable,3,4,344,17.950716191801316
Shaped Stable,3,4,345,18.618048277425654
Shaped Stable,3,4,346,18.774300349714284
Shaped Stable,3,4,347,18.985078218616785
Shaped Stable,3,4,348,18.730555657976637
Shaped Stable,3,4,349,5.924190606680262
Shaped Stable,3,4,350,15.984824121763037
Shaped Stable,3,4,351,15.509687892094417
Shaped Stable,3,4,352,15.925047101144147
Shaped Stable,3,4,353,16.220120683049025
Shaped Stable,3,4,354,16.643853569713855
Shaped Stable,3,4,355,16.991459359013195
Shaped Stable,3,4,356,17.60965693426426
Shaped Stable,3,4,357,17.714455412831125
Shaped Stable,3,4,358,18.281026600991567
Shaped Stable,3,4,359,17.883889108869347
Shaped Stable,3,4,360,12.961936263580785
Shaped Stable,3,4,361,17.922920204892797
Shaped Stable,3,4,362,13.52563067925586
Shaped Stable,3,4,363,20.968103447493963
Shaped Stable,3,4,364,18.71926647738509
Shaped Stable,3,4,365,18.81203528989221
Shaped Stable,3,4,366,18.911869692571074
Shaped Stable,3,4,367,19.126558899859123
Shaped Stable,3,4,368,18.615668062689807
Shaped Stable,3,4,369,19.140935616589054
Shaped Stable,3,4,370,18.888629314013205
Shaped Stable,3,4,371,19.273089399902627
Shaped Stable,3,4,372,18.859807256366604
Shaped Stable,3,4,373,19.61305231006563
Shaped Stable,3,4,374,19.423117848313044
Shaped Stable,3,4,375,19.504582082927545
Shaped Stable,3,4,376,19.4866261163634
Shaped Stable,3,4,377,13.699833148767443
Shaped Stable,3,4,378,19.908390527586157
Shaped Stable,3,4,379,19.904457179926215
Shaped Stable,3,4,380,19.92671334637418
Shaped Stable,3,4,381,19.703574394121087
Shaped Stable,3,4,382,20.0674764405404
Shaped Stable,3,4,383,19.648822222548098
Shaped Stable,3,4,384,19.900353320425715
Shaped Stable,3,4,385,19.889106402888167
Shaped Stable,3,4,386,14.088275836548835
Shaped Stable,3,4,387,19.80170286858833
Shaped Stable,3,4,388,8.330458450034183
Shaped Stable,3,4,389,15.471957225350971
Shaped Stable,3,4,390,15.813492749771779
Shaped Stable,3,4,391,16.212139917012706
Shaped Stable,3,4,392,16.888924374715014
Shaped Stable,3,4,393,3.382629731944351
Shaped Stable,3,4,394,12.57511677494111
Shaped Stable,3,4,395,13.088322835325284
Shaped Stable,3,4,396,3.0901630463170235
Shaped Stable,3,4,397,11.097930504940328
Shaped Stable,3,4,398,12.042137516355798
Shaped Stable,3,4,399,12.999095335173966
Shaped Stable,3,4,400,13.528581541867844
Shaped Stable,3,4,401,14.066611848057443
Shaped Stable,3,4,402,14.526404525054879
Shaped Stable,3,4,403,15.476614000559337
Shaped Stable,3,4,404,15.7435983733096
Shaped Stable,3,4,405,15.992248744413207
Shaped Stable,3,4,406,8.350677370253731
Shaped Stable,3,4,407,13.599969037673697
Shaped Stable,3,4,408,14.39994280754982
Shaped Stable,3,4,409,11.30362468257773
Shaped Stable,3,4,410,15.337064640853836
Shaped Stable,3,4,411,15.985927983877254
Shaped Stable,3,4,412,16.093226259469343
Shaped Stable,3,4,413,16.30536485356067
Shaped Stable,3,4,414,16.803267770591606
Shaped Stable,3,4,415,16.961529637355994
Shaped Stable,3,4,416,16.285903276544907
Shaped Stable,3,4,417,11.77870962491595
Shaped Stable,3,4,418,10.9759743831127
Shaped Stable,3,4,419,15.866019287769168
Shaped Stable,3,4,420,16.01925650963691
Shaped Stable,3,4,421,16.62820873111681
Shaped Stable,3,4,422,17.25434388788566
Shaped Stable,3,4,423,17.216892329537263
Shaped Stable,3,4,424,17.59240070255321
Shaped Stable,3,4,425,17.912128538901072
Shaped Stable,3,4,426,18.129163452605727
Shaped Stable,3,4,427,15.558421605588132
Shaped Stable,3,4,428,16.349251643966717
Shaped Stable,3,4,429,1.6418648146879742
Shaped Stable,3,4,430,12.435150913022085
Shaped Stable,3,4,431,13.0719413236881
Shaped Stable,3,4,432,14.10597787022841
Shaped Stable,3,4,433,14.530016579633271
Shaped Stable,3,4,434,7.507417585218418
Shaped Stable,3,4,435,12.281737865276046
Shaped Stable,3,4,436,13.22902914276301
Shaped Stable,3,4,437,13.770537200653965
Shaped Stable,3,4,438,7.435105736357843
Shaped Stable,3,4,439,11.79677519772863
Shaped Stable,3,4,440,12.381445077194813
Shaped Stable,3,4,441,13.461474612486283
Shaped Stable,3,4,442,13.71225620016028
Shaped Stable,3,4,443,14.604115832570038
Shaped Stable,3,4,444,15.429243495360625
Shaped Stable,3,4,445,15.58537858901153
Shaped Stable,3,4,446,16.070183093821537
Shaped Stable,3,4,447,16.484328839050946
Shaped Stable,3,4,448,16.76601567429311
Shaped Stable,3,4,449,16.838694727846914
Shaped Stable,3,4,450,17.382818577394467
Shaped Stable,3,4,451,17.606704240262033
Shaped Stable,3,4,452,17.69987585272876
Shaped Stable,3,4,453,18.031852235728365
Shaped Stable,3,4,454,18.218487778386393
Shaped Stable,3,4,455,18.058727948620113
Shaped Stable,3,4,456,9.713861312472597
Shaped Stable,3,4,457,16.985606508843745
Shaped Stable,3,4,458,15.98638532759937
Shaped Stable,3,4,459,13.659495867759684
Shaped Stable,3,4,460,15.816410025406915
Shaped Stable,3,4,461,15.613075596911633
Shaped Stable,3,4,462,16.710944361965794
Shaped Stable,3,4,463,16.83781973940063
Shaped Stable,3,4,464,19.773475067570462
Shaped Stable,3,4,465,18.47283040725457
Shaped Stable,3,4,466,16.947584676460792
Shaped Stable,3,4,467,4.575992725736285
Shaped Stable,3,4,468,13.550545384948894
Shaped Stable,3,4,469,14.445540047151798
Shaped Stable,3,4,470,14.769076924155973
Shaped Stable,3,4,471,15.288681652015523
Shaped Stable,3,4,472,15.791371547269458
Shaped Stable,3,4,473,11.531439840729206
Shaped Stable,3,4,474,16.451691559349097
Shaped Stable,3,4,475,16.75969584407975
Shaped Stable,3,4,476,5.3523575801188175
Shaped Stable,3,4,477,13.519178846858248
Shaped Stable,3,4,478,14.345367264049312
Shaped Stable,3,4,479,14.727965676040585
Shaped Stable,3,4,480,15.443159428994576
Shaped Stable,3,4,481,15.58120480742762
Shaped Stable,3,4,482,3.7230490567073304
Shaped Stable,3,4,483,12.10664480936478
Shaped Stable,3,4,484,12.921535928481493
Shaped Stable,3,4,485,4.79360507297074
Shaped Stable,3,4,486,10.827726106331285
Shaped Stable,3,4,487,5.434353409058799
Shaped Stable,3,4,488,10.322703911585553
Shaped Stable,3,4,489,8.874765429686628
Shaped Stable,3,4,490,10.901852578204355
Shaped Stable,3,4,491,12.124483276479062
Shaped Stable,3,4,492,12.745089331076143
Shaped Stable,3,4,493,13.384542321730411
Shaped Stable,3,4,494,14.257154324009536
Shaped Stable,3,4,495,14.434542657431152
Shaped Stable,3,4,496,15.181517602667663
Shaped Stable,3,4,497,15.810706534737042
Shaped Stable,3,4,498,16.078078500970832
Shaped Stable,3,4,499,16.789349964619724
Shaped Stable,3,4,500,16.24493224346606
Shaped Stable,3,4,501,17.326246520297484
Shaped Stable,3,4,502,17.38581674870346
Shaped Stable,3,4,503,17.631019645681437
Shaped Stable,3,4,504,17.838011209717504
Shaped Stable,3,4,505,17.873794706452408
Shaped Stable,3,4,506,18.42244184642849
Shaped Stable,3,4,507,9.131309442875828
Shaped Stable,3,4,508,15.461653210687356
Shaped Stable,3,4,509,16.86875116032358
Shaped Stable,3,4,510,16.259216030103715
Shaped Stable,3,4,511,16.81936562778136
Shaped Stable,3,4,512,17.13454317368754
Shaped Stable,3,4,513,17.1050351502775
Shaped Stable,3,4,514,17.45617134871278
Shaped Stable,3,4,515,17.42393539784538
Shaped Stable,3,4,516,17.92558029190811
Shaped Stable,3,4,517,18.329880265724665
Shaped Stable,3,4,518,15.019020103797574
Shaped Stable,3,4,519,18.559140993721154
Shaped Stable,3,4,520,18.55870045760113
Shaped Stable,3,4,521,18.68472524750138
Shaped Stable,3,4,522,19.013737997591
Shaped Stable,3,4,523,18.740058645295733
Shaped Stable,3,4,524,19.3529268015892
Shaped Stable,3,4,525,19.24770717060082
Shaped Stable,3,4,526,19.477393655649127
Shaped Stable,3,4,527,18.350881920348392
Shaped Stable,3,4,528,19.21229189412136
Shaped Stable,3,4,529,19.493387148688296
Shaped Stable,3,4,530,19.27800503833058
Shaped Stable,3,4,531,19.18667598641079
Shaped Stable,3,4,532,19.242761206508273
Shaped Stable,3,4,533,8.607327319915576
Shaped Stable,3,4,534,15.784539611092784
Shaped Stable,3,4,535,15.43531004115904
Shaped Stable,3,4,536,15.900100718405726
Shaped Stable,3,4,537,15.908193779567908
Shaped Stable,3,4,538,16.005558536489218
Shaped Stable,3,4,539,17.109957644634793
Shaped Stable,3,4,540,17.454336389101613
Shaped Stable,3,4,541,17.565928300170242
Shaped Stable,3,4,542,14.36022892109309
Shaped Stable,3,4,543,15.971483839889727
Shaped Stable,3,4,544,16.37316610092218
Shaped Stable,3,4,545,18.55483671910706
Shaped Stable,3,4,546,16.57342963074912
Shaped Stable,3,4,547,17.130219034137543
Shaped Stable,3,4,548,17.63196675495309
Shaped Stable,3,4,549,17.837564045673517
Shaped Stable,3,4,550,12.135885896702074
Shaped Stable,3,4,551,15.942698019782837
Shaped Stable,3,4,552,6.015003231019882
Shaped Stable,3,4,553,12.589320016557142
Shaped Stable,3,4,554,13.407593781225659
Shaped Stable,3,4,555,14.107089329181925
Shaped Stable,3,4,556,14.847592428722406
Shaped Stable,3,4,557,15.370211928773255
Shaped Stable,3,4,558,15.850972302300496
Shaped Stable,3,4,559,15.579051237586134
Shaped Stable,3,4,560,16.793330209264525
Shaped Stable,3,4,561,16.768665872114365
Shaped Stable,3,4,562,12.116276762611825
Shaped Stable,3,4,563,17.415013319360426
Shaped Stable,3,4,564,17.653789656650066
Shaped Stable,3,4,565,17.73657646571636
Shaped Stable,3,4,566,12.4318033237351
Shaped Stable,3,4,567,16.19656018157762
Shaped Stable,3,4,568,16.182672978413855
Shaped Stable,3,4,569,17.122305033912486
Shaped Stable,3,4,570,17.41226087148264
Shaped Stable,3,4,571,17.42409113854644
Shaped Stable,3,4,572,17.551745583580185
Shaped Stable,3,4,573,17.87840745754098
Shaped Stable,3,4,574,17.928602569770526
Shaped Stable,3,4,575,18.398967358614936
Shaped Stable,3,4,576,18.635894945669197
Shaped Stable,3,4,577,18.565653412415678
Shaped Stable,3,4,578,13.03972187448707
Shaped Stable,3,4,579,19.140848764855047
Shaped Stable,3,4,580,13.201814811545558
Shaped Stable,3,4,581,15.885175994897523
Shaped Stable,3,4,582,16.019975569003982
Shaped Stable,3,4,583,16.85577202313753
Shaped Stable,3,4,584,16.962368520121966
Shaped Stable,3,4,585,17.452623794931732
Shaped Stable,3,4,586,17.555325645712283
Shaped Stable,3,4,587,17.714914308943623
Shaped Stable,3,4,588,17.50122764729007
Shaped Stable,3,4,589,17.415665593673666
Shaped Stable,3,4,590,18.325130256542263
Shaped Stable,3,4,591,13.338350123419886
Shaped Stable,3,4,592,16.259499462278253
Shaped Stable,3,4,593,16.927925653481143
Shaped Stable,3,4,594,16.90411025734672
Shaped Stable,3,4,595,13.162813689056327
Shaped Stable,3,4,596,14.510630265776811
Shaped Stable,3,4,597,15.015750958803599
Shaped Stable,3,4,598,15.835232604633099
Shaped Stable,3,4,599,16.423561676268818
Shaped Stable,3,4,600,16.29128037685098
Shaped Stable,3,4,601,16.870896965227605
Shaped Stable,3,4,602,17.111463167770882
Shaped Stable,3,4,603,17.38076662138146
Shaped Stable,3,4,604,17.97811825042845
Shaped Stable,3,4,605,17.814026057612946
Shaped Stable,3,4,606,17.892235080439985
Shaped Stable,3,4,607,18.17244210810891
Shaped Stable,3,4,608,18.31536184522337
Shaped Stable,3,4,609,18.678631408299335
Shaped Stable,3,4,610,19.02175060838476
Shaped Stable,3,4,611,18.624973656782625
Shaped Stable,3,4,612,10.816187209884369
Shaped Stable,3,4,613,16.580864622533593
Shaped Stable,3,4,614,16.596622418684564
Shaped Stable,3,4,615,16.81491690953166
Shaped Stable,3,4,616,17.33438873270886
Shaped Stable,3,4,617,12.474434720031724
Shaped Stable,3,4,618,9.355717305352178
Shaped Stable,3,4,619,14.511111131318879
Shaped Stable,3,4,620,15.149267572826941
Shaped Stable,3,4,621,15.471394628719317
Shaped Stable,3,4,622,15.918202244759314
Shaped Stable,3,4,623,16.299581649849873
Shaped Stable,3,4,624,11.614180406353505
Shaped Stable,3,4,625,16.91918338066329
Shaped Stable,3,4,626,17.373004182968646
Shaped Stable,3,4,627,17.546831700921388
Shaped Stable,3,4,628,17.99884976158871
Shaped Stable,3,4,629,17.702878108002654
Shaped Stable,3,4,630,18.313958648929763
Shaped Stable,3,4,631,18.274485106114128
Shaped Stable,3,4,632,18.56448833569776
Shaped Stable,3,4,633,18.58625724221054
Shaped Stable,3,4,634,18.850102493117472
Shaped Stable,3,4,635,18.252164438036605
Shaped Stable,3,4,636,18.915914305061108
Shaped Stable,3,4,637,19.00308157464548
Shaped Stable,3,4,638,19.299311255884728
Shaped Stable,3,4,639,19.322252228067857
Shaped Stable,3,4,640,19.223059324367647
Shaped Stable,3,4,641,18.8447122269165
Shaped Stable,3,4,642,19.583101192063964
Shaped Stable,3,4,643,19.597918315973843
Shaped Stable,3,4,644,19.403511737489424
Shaped Stable,3,4,645,7.902107720936594
Shaped Stable,3,4,646,15.321293134705376
Shaped Stable,3,4,647,15.506228238913007
Shaped Stable,3,4,648,15.81564271270108
Shaped Stable,3,4,649,16.52880035998591
Shaped Stable,3,4,650,16.68413815283278
Shaped Stable,3,4,651,14.93927950399564
Shaped Stable,3,4,652,15.806880080194068
Shaped Stable,3,4,653,16.356316923424462
Shaped Stable,3,4,654,11.014900681772042
Shaped Stable,3,4,655,17.008585079710976
Shaped Stable,3,4,656,17.498384706610523
Shaped Stable,3,4,657,17.418395143365952
Shaped Stable,3,4,658,17.97087185767461
Shaped Stable,3,4,659,17.828743041541504
Shaped Stable,3,4,660,18.376947154139692
Shaped Stable,3,4,661,18.164374005812718
Shaped Stable,3,4,662,18.636212098546203
Shaped Stable,3,4,663,18.32343103404448
Shaped Stable,3,4,664,18.608288376455132
Shaped Stable,3,4,665,20.729329967463425
Shaped Stable,3,4,666,18.7749543175606
Shaped Stable,3,4,667,18.53307829908124
Shaped Stable,3,4,668,19.338718470294793
Shaped Stable,3,4,669,19.034951002075967
Shaped Stable,3,4,670,19.360606981494666
Shaped Stable,3,4,671,19.11479551995759
Shaped Stable,3,4,672,19.116733722914006
Shaped Stable,3,4,673,18.448359606877066
Shaped Stable,3,4,674,19.259164662975707
Shaped Stable,3,4,675,19.162866771392356
Shaped Stable,3,4,676,19.3221871980079
Shaped Stable,3,4,677,18.904639546416394
Shaped Stable,3,4,678,19.968410462559223
Shaped Stable,3,4,679,7.256186974980316
Shaped Stable,3,4,680,11.14574651363137
Shaped Stable,3,4,681,14.793782709661016
Shaped Stable,3,4,682,15.218207999718256
Shaped Stable,3,4,683,15.509967340413775
Shaped Stable,3,4,684,15.949002893777823
Shaped Stable,3,4,685,16.30861963218311
Shaped Stable,3,4,686,16.513380035613217
Shaped Stable,3,4,687,16.977868620164863
Shaped Stable,3,4,688,17.24202955452807
Shaped Stable,3,4,689,17.838139502641813
Shaped Stable,3,4,690,17.734916155911627
Shaped Stable,3,4,691,17.767236743275074
Shaped Stable,3,4,692,18.151911789187366
Shaped Stable,3,4,693,18.62164809438717
Shaped Stable,3,4,694,18.620360231661397
Shaped Stable,3,4,695,17.96826552904555
Shaped Stable,3,4,696,18.874550143495735
Shaped Stable,3,4,697,18.970216731731895
Shaped Stable,3,4,698,19.178554902366812
Shaped Stable,3,4,699,18.880278250602373
Shaped Stable,3,4,700,13.693398508234472
Shaped Stable,3,4,701,19.594239397242358
Shaped Stable,3,4,702,19.595811990231297
Shaped Stable,3,4,703,19.377242687221067
Shaped Stable,3,4,704,9.890314606224376
Shaped Stable,3,4,705,16.26072337780906
Shaped Stable,3,4,706,16.493573662737134
Shaped Stable,3,4,707,12.536678753974867
Shaped Stable,3,4,708,14.909409668640043
Shaped Stable,3,4,709,15.410626067090003
Shaped Stable,3,4,710,15.85432268791498
Shaped Stable,3,4,711,16.123453799952348
Shaped Stable,3,4,712,16.620694583520997
Shaped Stable,3,4,713,17.09865231301985
Shaped Stable,3,4,714,17.20248746188815
Shaped Stable,3,4,715,17.46448577598108
Shaped Stable,3,4,716,17.71866888731341
Shaped Stable,3,4,717,17.90206496905106
Shaped Stable,3,4,718,18.083224326620037
Shaped Stable,3,4,719,6.021623287284324
Shaped Stable,3,4,720,14.673517012459332
Shaped Stable,3,4,721,14.945137967020548
Shaped Stable,3,4,722,15.864285077917375
Shaped Stable,3,4,723,15.715997611784058
Shaped Stable,3,4,724,16.439174253044833
Shaped Stable,3,4,725,2.0501790278129923
Shaped Stable,3,4,726,12.532760551775558
Shaped Stable,3,4,727,12.806814744478563
Shaped Stable,3,4,728,9.714914295133559
Shaped Stable,3,4,729,14.489027126395454
Shaped Stable,3,4,730,14.923269061098559
Shaped Stable,3,4,731,15.619191344653474
Shaped Stable,3,4,732,16.05881182725735
Shaped Stable,3,4,733,16.42595036818622
Shaped Stable,3,4,734,16.56678768170352
Shaped Stable,3,4,735,16.888140238075565
Shaped Stable,3,4,736,17.182182991240953
Shaped Stable,3,4,737,17.436232809441417
Shaped Stable,3,4,738,17.630089372750714
Shaped Stable,3,4,739,17.835137668976838
Shaped Stable,3,4,740,18.187928257020463
Shaped Stable,3,4,741,17.522388716631088
Shaped Stable,3,4,742,18.433210081959757
Shaped Stable,3,4,743,10.848367931780341
Shaped Stable,3,4,744,15.789178808344513
Shaped Stable,3,4,745,16.259721010208523
Shaped Stable,3,4,746,16.576726569841302
Shaped Stable,3,4,747,16.790916797912292
Shaped Stable,3,4,748,17.0304711565988
Shaped Stable,3,4,749,17.52319898439379
Shaped Stable,3,4,750,17.247682304906284
Shaped Stable,3,4,751,17.24090170857433
Shaped Stable,3,4,752,18.2385370274272
Shaped Stable,3,4,753,17.899220238838833
Shaped Stable,3,4,754,18.592494104955428
Shaped Stable,3,4,755,18.729764890443136
Shaped Stable,3,4,756,18.640167563539954
Shaped Stable,3,4,757,18.747714049963516
Shaped Stable,3,4,758,19.01135777377131
Shaped Stable,3,4,759,12.425882548874167
Shaped Stable,3,4,760,16.746636901007655
Shaped Stable,3,4,761,17.116060099265557
Shaped Stable,3,4,762,17.384594205250398
Shaped Stable,3,4,763,17.31599666851008
Shaped Stable,3,4,764,17.53156372024352
Shaped Stable,3,4,765,17.7501296874337
Shaped Stable,3,4,766,18.265571783614387
Shaped Stable,3,4,767,18.2060027727098
Shaped Stable,3,4,768,18.39274091075285
Shaped Stable,3,4,769,18.73461996698387
Shaped Stable,3,4,770,18.868486962715128
Shaped Stable,3,4,771,18.584049521303815
Shaped Stable,3,4,772,19.887983475279142
Shaped Stable,3,4,773,18.86793554230458
Shaped Stable,3,4,774,18.945793655874134
Shaped Stable,3,4,775,7.6421758796543555
Shaped Stable,3,4,776,11.447684594409676
Shaped Stable,3,4,777,14.046727659525736
Shaped Stable,3,4,778,14.85934844966438
Shaped Stable,3,4,779,15.188484536664593
Shaped Stable,3,4,780,15.668497962681327
Shaped Stable,3,4,781,15.439800184181653
Shaped Stable,3,4,782,16.478724296303625
Shaped Stable,3,4,783,16.807845272021428
Shaped Stable,3,4,784,17.10058705838347
Shaped Stable,3,4,785,17.314118763109775
Shaped Stable,3,4,786,17.587586885657984
Shaped Stable,3,4,787,17.8032540166658
Shaped Stable,3,4,788,17.994847515172594
Shaped Stable,3,4,789,18.002206280934022
Shaped Stable,3,4,790,18.44032035351846
Shaped Stable,3,4,791,18.44855659329172
Shaped Stable,3,4,792,18.438261182195603
Shaped Stable,3,4,793,18.924422186054716
Shaped Stable,3,4,794,18.8013526789539
Shaped Stable,3,4,795,21.11498135085036
Shaped Stable,3,4,796,16.571879232121024
Shaped Stable,3,4,797,17.84201977696295
Shaped Stable,3,4,798,18.277285316059064
Shaped Stable,3,4,799,12.704918096532065
Shaped Stable,3,4,800,18.63222630413937
Shaped Stable,3,4,801,18.779386626510675
Shaped Stable,3,4,802,18.515706896011828
Shaped Stable,3,4,803,19.141728860669105
Shaped Stable,3,4,804,18.734603843830993
Shaped Stable,3,4,805,18.965499749279594
Shaped Stable,3,4,806,18.995302320366232
Shaped Stable,3,4,807,19.069166547678208
Shaped Stable,3,4,808,19.37979765684963
Shaped Stable,3,4,809,19.57118830522514
Shaped Stable,3,4,810,18.80139859546871
Shaped Stable,3,4,811,19.42927048607362
Shaped Stable,3,4,812,19.511016479057805
Shaped Stable,3,4,813,18.956961797222526
Shaped Stable,3,4,814,19.655584002590622
Shaped Stable,3,4,815,14.000604559885286
Shaped Stable,3,4,816,19.705672510248384
Shaped Stable,3,4,817,19.661485145219647
Shaped Stable,3,4,818,19.92901728269804
Shaped Stable,3,4,819,19.861995336175543
Shaped Stable,3,4,820,19.377992028817683
Shaped Stable,3,4,821,19.576362860502005
Shaped Stable,3,4,822,20.10796295992688
Shaped Stable,3,4,823,20.10370619059948
Shaped Stable,3,4,824,19.683602479336994
Shaped Stable,3,4,825,19.649841659974733
Shaped Stable,3,4,826,19.654736641824087
Shaped Stable,3,4,827,19.34249926394513
Shaped Stable,3,4,828,20.066237644498987
Shaped Stable,3,4,829,19.381544191507174
Shaped Stable,3,4,830,20.117260227974917
Shaped Stable,3,4,831,19.59435948756515
Shaped Stable,3,4,832,19.604061748475264
Shaped Stable,3,4,833,19.35671200441966
Shaped Stable,3,4,834,19.56349807933318
Shaped Stable,3,4,835,19.734304487565677
Shaped Stable,3,4,836,19.456264335292616
Shaped Stable,3,4,837,19.61990084528963
Shaped Stable,3,4,838,19.867579682936274
Shaped Stable,3,4,839,19.31766847580753
Shaped Stable,3,4,840,19.362985827706815
Shaped Stable,3,4,841,19.22821518277011
Shaped Stable,3,4,842,21.203806637920906
Shaped Stable,3,4,843,19.545125684596652
Shaped Stable,3,4,844,19.565158063300462
Shaped Stable,3,4,845,19.80600946516726
Shaped Stable,3,4,846,19.585155039471008
Shaped Stable,3,4,847,19.591857858523248
Shaped Stable,3,4,848,19.763816702104013
Shaped Stable,3,4,849,18.986485103422236
Shaped Stable,3,4,850,19.879890060347726
Shaped Stable,3,4,851,19.90720487670775
Shaped Stable,3,4,852,19.833995690018842
Shaped Stable,3,4,853,19.38414272865384
Shaped Stable,3,4,854,19.72273586295862
Shaped Stable,3,4,855,19.68821728173651
Shaped Stable,3,4,856,19.948280328961996
Shaped Stable,3,4,857,19.77183978466172
Shaped Stable,3,4,858,19.934907184724338
Shaped Stable,3,4,859,8.647588379297321
Shaped Stable,3,4,860,15.372341308422232
Shaped Stable,3,4,861,15.849187402408074
Shaped Stable,3,4,862,16.51024187856101
Shaped Stable,3,4,863,11.31597624603196
Shaped Stable,3,4,864,17.352529097579424
Shaped Stable,3,4,865,17.750100839270658
Shaped Stable,3,4,866,17.634301117869388
Shaped Stable,3,4,867,19.57723442275028
Shaped Stable,3,4,868,17.75651616366293
Shaped Stable,3,4,869,18.283331207189313
Shaped Stable,3,4,870,18.2157181615332
Shaped Stable,3,4,871,18.720734134886364
Shaped Stable,3,4,872,18.193222915587732
Shaped Stable,3,4,873,18.2583810094214
Shaped Stable,3,4,874,18.693271757200268
Shaped Stable,3,4,875,18.04445317491051
Shaped Stable,3,4,876,17.603430984635008
Shaped Stable,3,4,877,17.828775535020128
Shaped Stable,3,4,878,17.969644255030165
Shaped Stable,3,4,879,17.866236211029673
Shaped Stable,3,4,880,18.425886389569296
Shaped Stable,3,4,881,18.453043172639244
Shaped Stable,3,4,882,18.916131218276984
Shaped Stable,3,4,883,19.021670301574378
Shaped Stable,3,4,884,18.909351429983193
Shaped Stable,3,4,885,19.210320427643943
Shaped Stable,3,4,886,19.041039423804463
Shaped Stable,3,4,887,18.820577501779027
Shaped Stable,3,4,888,19.153239176492058
Shaped Stable,3,4,889,19.328165287095914
Shaped Stable,3,4,890,19.357841110125474
Shaped Stable,3,4,891,16.567616952579957
Shaped Stable,3,4,892,18.627371243115835
Shaped Stable,3,4,893,6.963454688997849
Shaped Stable,3,4,894,8.415524524562013
Shaped Stable,3,4,895,-0.17107576805121494
Shaped Stable,3,4,896,1.7934105487685734
Shaped Stable,3,4,897,8.038233097300772
Shaped Stable,3,4,898,9.286558079425774
Shaped Stable,3,4,899,1.9060289325045727
Shaped Stable,3,4,900,8.891412661238693
Shaped Stable,3,4,901,9.933693665036904
Shaped Stable,3,4,902,11.166395410048743
Shaped Stable,3,4,903,11.744294938319047
Shaped Stable,3,4,904,12.456640219719057
Shaped Stable,3,4,905,7.1072378241111
Shaped Stable,3,4,906,11.359436519700452
Shaped Stable,3,4,907,10.143880021494315
Shaped Stable,3,4,908,12.099296519027087
Shaped Stable,3,4,909,12.905758143269116
Shaped Stable,3,4,910,13.58801404232698
Shaped Stable,3,4,911,14.338156273796065
Shaped Stable,3,4,912,15.099538022113567
Shaped Stable,3,4,913,15.320889516772304
Shaped Stable,3,4,914,15.609453659177056
Shaped Stable,3,4,915,16.019758309400185
Shaped Stable,3,4,916,16.16512929825714
Shaped Stable,3,4,917,17.979729578183044
Shaped Stable,3,4,918,17.061066253390397
Shaped Stable,3,4,919,17.21319108636687
Shaped Stable,3,4,920,17.559808961963444
Shaped Stable,3,4,921,12.306105536532904
Shaped Stable,3,4,922,18.098147337568758
Shaped Stable,3,4,923,11.259940195002322
Shaped Stable,3,4,924,15.226096369063729
Shaped Stable,3,4,925,15.671056155076847
Shaped Stable,3,4,926,16.261512070559892
Shaped Stable,3,4,927,16.451925883181463
Shaped Stable,3,4,928,18.074857731561504
Shaped Stable,3,4,929,16.89383511591576
Shaped Stable,3,4,930,16.893718094684345
Shaped Stable,3,4,931,16.10983342819493
Shaped Stable,3,4,932,17.070507500501098
Shaped Stable,3,4,933,16.727656001709924
Shaped Stable,3,4,934,16.931732266572766
Shaped Stable,3,4,935,16.38600013709078
Shaped Stable,3,4,936,17.566550088775006
Shaped Stable,3,4,937,12.148431314621435
Shaped Stable,3,4,938,18.27443083593016
Shaped Stable,3,4,939,18.098078479399327
Shaped Stable,3,4,940,18.121853200583846
Shaped Stable,3,4,941,18.39792798206126
Shaped Stable,3,4,942,18.53852408227923
Shaped Stable,3,4,943,18.882486270237415
Shaped Stable,3,4,944,19.00054031363375
Shaped Stable,3,4,945,18.729557568531334
Shaped Stable,3,4,946,18.939952197923894
Shaped Stable,3,4,947,6.606579704860578
Shaped Stable,3,4,948,15.219459507670141
Shaped Stable,3,4,949,15.873341417452854
Shaped Stable,3,4,950,15.975823568668028
Shaped Stable,3,4,951,16.208565999510814
Shaped Stable,3,4,952,16.858266217115183
Shaped Stable,3,4,953,11.513769869519605
Shaped Stable,3,4,954,16.209063858368687
Shaped Stable,3,4,955,16.065494621180317
Shaped Stable,3,4,956,15.682861521857594
Shaped Stable,3,4,957,16.30830356185325
Shaped Stable,3,4,958,19.62730317261984
Shaped Stable,3,4,959,16.925524114503354
Shaped Stable,3,4,960,8.202019365305429
Shaped Stable,3,4,961,14.856572557458426
Shaped Stable,3,4,962,15.03645653989972
Shaped Stable,3,4,963,15.61551669283375
Shaped Stable,3,4,964,7.804493984728862
Shaped Stable,3,4,965,12.896283981110104
Shaped Stable,3,4,966,13.799114848790989
Shaped Stable,3,4,967,14.517239158875302
Shaped Stable,3,4,968,15.084082968227495
Shaped Stable,3,4,969,15.395404471124438
Shaped Stable,3,4,970,15.657653348175955
Shaped Stable,3,4,971,16.225851675924545
Shaped Stable,3,4,972,16.551533684313895
Shaped Stable,3,4,973,16.890302426916644
Shaped Stable,3,4,974,16.871224508908007
Shaped Stable,3,4,975,17.44356259221333
Shaped Stable,3,4,976,16.184462799264924
Shaped Stable,3,4,977,16.579787804490024
Shaped Stable,3,4,978,17.403538720612797
Shaped Stable,3,4,979,17.273639858917495
Shaped Stable,3,4,980,17.406326131399013
Shaped Stable,3,4,981,17.63702586675003
Shaped Stable,3,4,982,18.071497998888038
Shaped Stable,3,4,983,8.274721738065978
Shaped Stable,3,4,984,14.651946657125155
Shaped Stable,3,4,985,14.562769233705364
Shaped Stable,3,4,986,15.487423938391311
Shaped Stable,3,4,987,16.077004565043566
Shaped Stable,3,4,988,16.277003881353753
Shaped Stable,3,4,989,16.930428346517743
Shaped Stable,3,4,990,16.933068092015652
Shaped Stable,3,4,991,12.704482422742611
Shaped Stable,3,4,992,15.049764472757731
Shaped Stable,3,4,993,11.014428224496738
Shaped Stable,3,4,994,16.605571871437597
Shaped Stable,3,4,995,16.200912422270626
Shaped Stable,3,4,996,16.453204230805607
Shaped Stable,3,4,997,16.74689121545191
Shaped Stable,3,4,998,16.63813735117501
Shaped Stable,3,4,999,17.49434686429363
Shaped Stable,4,5,0,5.384162455846326
Shaped Stable,4,5,1,-5.4810355112658815
Shaped Stable,4,5,2,4.824894566639077
Shaped Stable,4,5,3,6.251631827701081
Shaped Stable,4,5,4,7.708685065114674
Shaped Stable,4,5,5,-3.9008177171541014
Shaped Stable,4,5,6,6.472161000653712
Shaped Stable,4,5,7,7.682089841563171
Shaped Stable,4,5,8,8.922116319921908
Shaped Stable,4,5,9,10.179606898187988
Shaped Stable,4,5,10,10.933950406772148
Shaped Stable,4,5,11,11.907500881706738
Shaped Stable,4,5,12,12.728719728765256
Shaped Stable,4,5,13,13.42018853814515
Shaped Stable,4,5,14,11.97899611422773
Shaped Stable,4,5,15,13.225434360586346
Shaped Stable,4,5,16,12.303300071830925
Shaped Stable,4,5,17,13.218621315553602
Shaped Stable,4,5,18,14.104839537759794
Shaped Stable,4,5,19,15.338902657045656
Shaped Stable,4,5,20,14.901423132776939
Shaped Stable,4,5,21,5.266022291572744
Shaped Stable,4,5,22,12.471334830744253
Shaped Stable,4,5,23,3.077520051663615
Shaped Stable,4,5,24,10.766903398211287
Shaped Stable,4,5,25,11.018703765603378
Shaped Stable,4,5,26,11.554762688830532
Shaped Stable,4,5,27,12.897111302925671
Shaped Stable,4,5,28,13.167843021422676
Shaped Stable,4,5,29,14.295218992362232
Shaped Stable,4,5,30,14.865167532436788
Shaped Stable,4,5,31,15.246732058587064
Shaped Stable,4,5,32,15.635089654469683
Shaped Stable,4,5,33,16.26353866503968
Shaped Stable,4,5,34,16.53783813189207
Shaped Stable,4,5,35,16.51523209045946
Shaped Stable,4,5,36,16.324761085854245
Shaped Stable,4,5,37,17.178790151575832
Shaped Stable,4,5,38,17.5547609334479
Shaped Stable,4,5,39,17.988893513835674
Shaped Stable,4,5,40,18.081623726612705
Shaped Stable,4,5,41,18.08249457572577
Shaped Stable,4,5,42,18.447451021648686
Shaped Stable,4,5,43,18.938639209365128
Shaped Stable,4,5,44,18.380195699431898
Shaped Stable,4,5,45,13.13996510675695
Shaped Stable,4,5,46,18.782095718061427
Shaped Stable,4,5,47,18.5988211054282
Shaped Stable,4,5,48,18.97839772343056
Shaped Stable,4,5,49,18.86181905572622
Shaped Stable,4,5,50,18.958294865476887
Shaped Stable,4,5,51,19.542873890020967
Shaped Stable,4,5,52,19.22182355319341
Shaped Stable,4,5,53,19.268054920938326
Shaped Stable,4,5,54,19.353574591596637
Shaped Stable,4,5,55,19.346589836547963
Shaped Stable,4,5,56,19.60789570399607
Shaped Stable,4,5,57,19.410270051123064
Shaped Stable,4,5,58,19.45128676308631
Shaped Stable,4,5,59,19.4596815012556
Shaped Stable,4,5,60,18.707427762493477
Shaped Stable,4,5,61,19.51188878960945
Shaped Stable,4,5,62,19.539998549570434
Shaped Stable,4,5,63,19.665166213973414
Shaped Stable,4,5,64,19.590285041311247
Shaped Stable,4,5,65,19.809835127703536
Shaped Stable,4,5,66,19.29468703090705
Shaped Stable,4,5,67,19.772653287640004
Shaped Stable,4,5,68,18.389604628172528
Shaped Stable,4,5,69,18.274676212559925
Shaped Stable,4,5,70,18.843440879958028
Shaped Stable,4,5,71,19.22399149751477
Shaped Stable,4,5,72,18.78025571056674
Shaped Stable,4,5,73,19.040268746309184
Shaped Stable,4,5,74,18.947806897970455
Shaped Stable,4,5,75,17.540349099981263
Shaped Stable,4,5,76,18.7065713013887
Shaped Stable,4,5,77,18.61134540235877
Shaped Stable,4,5,78,18.556831742745576
Shaped Stable,4,5,79,14.780504295573795
Shaped Stable,4,5,80,16.939665343257506
Shaped Stable,4,5,81,17.312700451660493
Shaped Stable,4,5,82,13.71962263156103
Shaped Stable,4,5,83,16.039885230620136
Shaped Stable,4,5,84,16.504831867981924
Shaped Stable,4,5,85,15.999239726510789
Shaped Stable,4,5,86,17.170473624413628
Shaped Stable,4,5,87,17.514586153245435
Shaped Stable,4,5,88,20.027478663509775
Shaped Stable,4,5,89,17.555357950975996
Shaped Stable,4,5,90,17.777468574305026
Shaped Stable,4,5,91,17.972778682981527
Shaped Stable,4,5,92,18.15281544530581
Shaped Stable,4,5,93,7.058043648262604
Shaped Stable,4,5,94,14.584317088006747
Shaped Stable,4,5,95,15.209103384385939
Shaped Stable,4,5,96,15.796149219440586
Shaped Stable,4,5,97,16.08874741206689
Shaped Stable,4,5,98,16.663789016300296
Shaped Stable,4,5,99,16.807547967507453
Shaped Stable,4,5,100,16.973639086533456
Shaped Stable,4,5,101,17.201822212227842
Shaped Stable,4,5,102,17.430160327187398
Shaped Stable,4,5,103,17.771342159824318
Shaped Stable,4,5,104,17.555624743527215
Shaped Stable,4,5,105,14.413584074948231
Shaped Stable,4,5,106,16.58124234020636
Shaped Stable,4,5,107,16.862023316721228
Shaped Stable,4,5,108,17.15544500482361
Shaped Stable,4,5,109,17.429960080291018
Shaped Stable,4,5,110,16.960313256719008
Shaped Stable,4,5,111,17.90974924223962
Shaped Stable,4,5,112,18.42763702712122
Shaped Stable,4,5,113,18.30822126588803
Shaped Stable,4,5,114,18.6297829219832
Shaped Stable,4,5,115,18.384300309245567
Shaped Stable,4,5,116,18.375049299039876
Shaped Stable,4,5,117,13.555490927920472
Shaped Stable,4,5,118,18.842845835275696
Shaped Stable,4,5,119,19.09699043387162
Shaped Stable,4,5,120,19.147633019774386
Shaped Stable,4,5,121,18.57965898300592
Shaped Stable,4,5,122,19.239447702673314
Shaped Stable,4,5,123,19.551828707934504
Shaped Stable,4,5,124,19.189564431172602
Shaped Stable,4,5,125,13.758267966360517
Shaped Stable,4,5,126,19.428497007597656
Shaped Stable,4,5,127,19.449734691266528
Shaped Stable,4,5,128,19.76718067006113
Shaped Stable,4,5,129,20.03860087423988
Shaped Stable,4,5,130,19.320186471834703
Shaped Stable,4,5,131,19.694465544755897
Shaped Stable,4,5,132,19.912560530248516
Shaped Stable,4,5,133,14.176777578385504
Shaped Stable,4,5,134,19.52743659969603
Shaped Stable,4,5,135,19.843584023779112
Shaped Stable,4,5,136,19.822721859403725
Shaped Stable,4,5,137,19.61789849497919
Shaped Stable,4,5,138,19.94787482360077
Shaped Stable,4,5,139,20.03709441950814
Shaped Stable,4,5,140,15.847625046951581
Shaped Stable,4,5,141,18.466073767868327
Shaped Stable,4,5,142,18.363764506878105
Shaped Stable,4,5,143,18.756128695308846
Shaped Stable,4,5,144,18.647710196708736
Shaped Stable,4,5,145,18.84708495374119
Shaped Stable,4,5,146,18.81687520002016
Shaped Stable,4,5,147,18.771598982512277
Shaped Stable,4,5,148,18.567613721959003
Shaped Stable,4,5,149,18.628184495779315
Shaped Stable,4,5,150,19.145356811673718
Shaped Stable,4,5,151,22.04793768952733
Shaped Stable,4,5,152,19.201963279860802
Shaped Stable,4,5,153,21.478389486871038
Shaped Stable,4,5,154,18.50554847186657
Shaped Stable,4,5,155,19.24295228833987
Shaped Stable,4,5,156,19.014319342640864
Shaped Stable,4,5,157,19.19726927339447
Shaped Stable,4,5,158,19.247608332574238
Shaped Stable,4,5,159,19.298426661748152
Shaped Stable,4,5,160,19.32703984625797
Shaped Stable,4,5,161,19.212699684829914
Shaped Stable,4,5,162,19.609249182154606
Shaped Stable,4,5,163,15.279674175288573
Shaped Stable,4,5,164,16.84081712429773
Shaped Stable,4,5,165,17.39059717752435
Shaped Stable,4,5,166,17.390833985813988
Shaped Stable,4,5,167,17.693704160516393
Shaped Stable,4,5,168,17.54150202199988
Shaped Stable,4,5,169,17.980849672937207
Shaped Stable,4,5,170,17.926024431248138
Shaped Stable,4,5,171,18.144493847648263
Shaped Stable,4,5,172,17.56804852244966
Shaped Stable,4,5,173,18.14157532914187
Shaped Stable,4,5,174,18.17287234071049
Shaped Stable,4,5,175,19.448421664797447
Shaped Stable,4,5,176,17.987542846786248
Shaped Stable,4,5,177,18.875583049215397
Shaped Stable,4,5,178,18.955633133727915
Shaped Stable,4,5,179,19.250911026437763
Shaped Stable,4,5,180,19.105400849903532
Shaped Stable,4,5,181,18.82788415277922
Shaped Stable,4,5,182,19.393722976165932
Shaped Stable,4,5,183,14.43763328278306
Shaped Stable,4,5,184,17.309697446854848
Shaped Stable,4,5,185,8.944145063731725
Shaped Stable,4,5,186,14.193736897109519
Shaped Stable,4,5,187,14.818177289797722
Shaped Stable,4,5,188,14.810299461127988
Shaped Stable,4,5,189,15.957617842459335
Shaped Stable,4,5,190,16.26487776394363
Shaped Stable,4,5,191,16.412162202615523
Shaped Stable,4,5,192,16.646750871938785
Shaped Stable,4,5,193,17.07509748696447
Shaped Stable,4,5,194,17.309679045505387
Shaped Stable,4,5,195,17.56939615445816
Shaped Stable,4,5,196,17.7885519200632
Shaped Stable,4,5,197,17.82672274813992
Shaped Stable,4,5,198,5.12227773796634
Shaped Stable,4,5,199,14.248978836525042
Shaped Stable,4,5,200,14.747543408573296
Shaped Stable,4,5,201,15.164501341857019
Shaped Stable,4,5,202,15.42022768846146
Shaped Stable,4,5,203,15.701352547579052
Shaped Stable,4,5,204,8.060191883760892
Shaped Stable,4,5,205,13.59294590691615
Shaped Stable,4,5,206,14.278104550067937
Shaped Stable,4,5,207,14.111547753924699
Shaped Stable,4,5,208,15.239318032043489
Shaped Stable,4,5,209,15.694485504533581
Shaped Stable,4,5,210,15.62483321100876
Shaped Stable,4,5,211,16.650043944260272
Shaped Stable,4,5,212,17.719637199651448
Shaped Stable,4,5,213,17.207505716661608
Shaped Stable,4,5,214,17.55534587544071
Shaped Stable,4,5,215,17.436685865932468
Shaped Stable,4,5,216,17.492139469368944
Shaped Stable,4,5,217,18.34534447464054
Shaped Stable,4,5,218,19.118581972090556
Shaped Stable,4,5,219,17.78903192017907
Shaped Stable,4,5,220,17.976043562493338
Shaped Stable,4,5,221,18.153593447070946
Shaped Stable,4,5,222,18.512722698574184
Shaped Stable,4,5,223,18.432945959482407
Shaped Stable,4,5,224,18.793124524524423
Shaped Stable,4,5,225,18.242163739666733
Shaped Stable,4,5,226,18.044153571634656
Shaped Stable,4,5,227,18.9191162210339
Shaped Stable,4,5,228,13.600090551430885
Shaped Stable,4,5,229,16.39765681389553
Shaped Stable,4,5,230,16.970251283856495
Shaped Stable,4,5,231,16.71384235856687
Shaped Stable,4,5,232,16.856137973190066
Shaped Stable,4,5,233,17.251371962521212
Shaped Stable,4,5,234,18.032904359027334
Shaped Stable,4,5,235,18.418574258969528
Shaped Stable,4,5,236,18.514689113504307
Shaped Stable,4,5,237,14.257287962317088
Shaped Stable,4,5,238,17.020432380938004
Shaped Stable,4,5,239,16.8608565924129
Shaped Stable,4,5,240,19.40744320880301
Shaped Stable,4,5,241,17.450317440749814
Shaped Stable,4,5,242,17.693254729055337
Shaped Stable,4,5,243,13.956924308660229
Shaped Stable,4,5,244,15.277978112979461
Shaped Stable,4,5,245,16.2756171699484
Shaped Stable,4,5,246,16.34740419104803
Shaped Stable,4,5,247,16.670271220520878
Shaped Stable,4,5,248,17.078983884927975
Shaped Stable,4,5,249,17.771385895627144
Shaped Stable,4,5,250,17.44501259182185
Shaped Stable,4,5,251,17.158749640870134
Shaped Stable,4,5,252,17.93058677484437
Shaped Stable,4,5,253,18.172365704688247
Shaped Stable,4,5,254,18.515429693771537
Shaped Stable,4,5,255,18.291634316633672
Shaped Stable,4,5,256,18.65388464029029
Shaped Stable,4,5,257,18.65352582077343
Shaped Stable,4,5,258,20.616756628513144
Shaped Stable,4,5,259,18.62359300655005
Shaped Stable,4,5,260,18.887903469910235
Shaped Stable,4,5,261,18.729419891208792
Shaped Stable,4,5,262,18.70089940375263
Shaped Stable,4,5,263,18.94721152632659
Shaped Stable,4,5,264,19.026802513967525
Shaped Stable,4,5,265,19.085437926062703
Shaped Stable,4,5,266,19.109638303534794
Shaped Stable,4,5,267,19.170968233087446
Shaped Stable,4,5,268,19.38814307032409
Shaped Stable,4,5,269,18.956812266657685
Shaped Stable,4,5,270,19.339236200119043
Shaped Stable,4,5,271,19.746855224796118
Shaped Stable,4,5,272,21.052877782014125
Shaped Stable,4,5,273,18.962735243950462
Shaped Stable,4,5,274,19.342503794277864
Shaped Stable,4,5,275,19.426610463193285
Shaped Stable,4,5,276,19.27741689610374
Shaped Stable,4,5,277,19.691719951546496
Shaped Stable,4,5,278,19.12856981249649
Shaped Stable,4,5,279,19.35460199019486
Shaped Stable,4,5,280,19.21803508782788
Shaped Stable,4,5,281,19.67588198080428
Shaped Stable,4,5,282,19.704218763706457
Shaped Stable,4,5,283,19.03635258033939
Shaped Stable,4,5,284,19.588441203073433
Shaped Stable,4,5,285,19.535218940091625
Shaped Stable,4,5,286,18.768181474721704
Shaped Stable,4,5,287,18.596835359738776
Shaped Stable,4,5,288,18.991817971161204
Shaped Stable,4,5,289,12.686888910985656
Shaped Stable,4,5,290,18.87682774665346
Shaped Stable,4,5,291,19.050968078482363
Shaped Stable,4,5,292,18.38247010385896
Shaped Stable,4,5,293,19.225256701466062
Shaped Stable,4,5,294,18.8387997969538
Shaped Stable,4,5,295,19.358571506085145
Shaped Stable,4,5,296,19.38337836711846
Shaped Stable,4,5,297,19.235570535576937
Shaped Stable,4,5,298,19.281427441100313
Shaped Stable,4,5,299,19.156947473331012
Shaped Stable,4,5,300,19.216548825436888
Shaped Stable,4,5,301,19.56068748524772
Shaped Stable,4,5,302,18.713013637620573
Shaped Stable,4,5,303,18.09874750727452
Shaped Stable,4,5,304,18.770310196783516
Shaped Stable,4,5,305,19.00367039104651
Shaped Stable,4,5,306,18.779010511931173
Shaped Stable,4,5,307,18.717349081577645
Shaped Stable,4,5,308,19.08532562758177
Shaped Stable,4,5,309,19.451078768554343
Shaped Stable,4,5,310,19.35586613162135
Shaped Stable,4,5,311,19.24682774220941
Shaped Stable,4,5,312,19.13918620356779
Shaped Stable,4,5,313,19.714702038508108
Shaped Stable,4,5,314,19.59280489410621
Shaped Stable,4,5,315,19.517562876110198
Shaped Stable,4,5,316,19.401640732124086
Shaped Stable,4,5,317,19.807593772357258
Shaped Stable,4,5,318,11.7688353698389
Shaped Stable,4,5,319,16.736249237738974
Shaped Stable,4,5,320,16.887727058417326
Shaped Stable,4,5,321,16.625906439920655
Shaped Stable,4,5,322,17.43490429725619
Shaped Stable,4,5,323,17.67972107164258
Shaped Stable,4,5,324,17.998756284015627
Shaped Stable,4,5,325,18.196184545151638
Shaped Stable,4,5,326,18.56805503741028
Shaped Stable,4,5,327,18.466790940143568
Shaped Stable,4,5,328,13.395666095010895
Shaped Stable,4,5,329,16.343283883259467
Shaped Stable,4,5,330,16.411247730712386
Shaped Stable,4,5,331,16.874070425553427
Shaped Stable,4,5,332,17.473971028640634
Shaped Stable,4,5,333,17.25955421858737
Shaped Stable,4,5,334,17.865653476516513
Shaped Stable,4,5,335,17.832577515896983
Shaped Stable,4,5,336,18.25049908222533
Shaped Stable,4,5,337,18.16668073120957
Shaped Stable,4,5,338,18.35419214348157
Shaped Stable,4,5,339,17.772324465216997
Shaped Stable,4,5,340,18.853635416778825
Shaped Stable,4,5,341,18.726696774743083
Shaped Stable,4,5,342,18.791422137878865
Shaped Stable,4,5,343,18.591270850010552
Shaped Stable,4,5,344,19.00880187908874
Shaped Stable,4,5,345,15.976375421414742
Shaped Stable,4,5,346,17.779323863662547
Shaped Stable,4,5,347,18.11096295638093
Shaped Stable,4,5,348,18.43191230343816
Shaped Stable,4,5,349,18.590931959114865
Shaped Stable,4,5,350,18.672585138583273
Shaped Stable,4,5,351,18.758864028340007
Shaped Stable,4,5,352,19.098456990325694
Shaped Stable,4,5,353,16.674280417854604
Shaped Stable,4,5,354,18.033355856655483
Shaped Stable,4,5,355,18.313729624821825
Shaped Stable,4,5,356,23.400699296457272
Shaped Stable,4,5,357,18.17072939370328
Shaped Stable,4,5,358,18.1616320359216
Shaped Stable,4,5,359,18.67025564302424
Shaped Stable,4,5,360,18.805591594205513
Shaped Stable,4,5,361,18.39842031299067
Shaped Stable,4,5,362,18.82595050211849
Shaped Stable,4,5,363,19.13913543457306
Shaped Stable,4,5,364,18.95034424302154
Shaped Stable,4,5,365,18.553327683454082
Shaped Stable,4,5,366,19.14758891178628
Shaped Stable,4,5,367,19.292608057840464
Shaped Stable,4,5,368,19.145484094805127
Shaped Stable,4,5,369,18.73638674672804
Shaped Stable,4,5,370,19.437761135582814
Shaped Stable,4,5,371,19.3528494784445
Shaped Stable,4,5,372,19.23684300682821
Shaped Stable,4,5,373,19.236982266128834
Shaped Stable,4,5,374,19.598507382675812
Shaped Stable,4,5,375,19.293818386605736
Shaped Stable,4,5,376,19.474917442945706
Shaped Stable,4,5,377,19.325938018356492
Shaped Stable,4,5,378,19.50482200036873
Shaped Stable,4,5,379,19.502065577646235
Shaped Stable,4,5,380,19.926205071253914
Shaped Stable,4,5,381,13.675931061755312
Shaped Stable,4,5,382,14.560319627302585
Shaped Stable,4,5,383,20.731763563754704
Shaped Stable,4,5,384,19.398705821679037
Shaped Stable,4,5,385,19.42704573391167
Shaped Stable,4,5,386,13.73359969508863
Shaped Stable,4,5,387,21.38721597535716
Shaped Stable,4,5,388,19.949190257390555
Shaped Stable,4,5,389,19.747593637025613
Shaped Stable,4,5,390,19.53034908305947
Shaped Stable,4,5,391,19.930181086817893
Shaped Stable,4,5,392,13.815885549840234
Shaped Stable,4,5,393,16.970497307514734
Shaped Stable,4,5,394,17.223963559366315
Shaped Stable,4,5,395,17.483461626354735
Shaped Stable,4,5,396,14.064794462727813
Shaped Stable,4,5,397,17.737638416987743
Shaped Stable,4,5,398,18.074686841853932
Shaped Stable,4,5,399,18.265558718032988
Shaped Stable,4,5,400,18.38011242982549
Shaped Stable,4,5,401,18.374064560749968
Shaped Stable,4,5,402,18.34789034721142
Shaped Stable,4,5,403,18.778517466500062
Shaped Stable,4,5,404,10.01573746699995
Shaped Stable,4,5,405,15.91623154069888
Shaped Stable,4,5,406,16.22857070323805
Shaped Stable,4,5,407,16.56705183576324
Shaped Stable,4,5,408,16.76618127252121
Shaped Stable,4,5,409,17.48254534648181
Shaped Stable,4,5,410,17.56180580966439
Shaped Stable,4,5,411,17.858893302139272
Shaped Stable,4,5,412,17.563630457813797
Shaped Stable,4,5,413,17.93548973325747
Shaped Stable,4,5,414,18.22061737957132
Shaped Stable,4,5,415,18.220637022476716
Shaped Stable,4,5,416,18.691492128425615
Shaped Stable,4,5,417,18.656103889897
Shaped Stable,4,5,418,18.90004551146096
Shaped Stable,4,5,419,18.80900145164619
Shaped Stable,4,5,420,13.749146651408617
Shaped Stable,4,5,421,18.95062163133928
Shaped Stable,4,5,422,22.139158342191482
Shaped Stable,4,5,423,19.22570385828064
Shaped Stable,4,5,424,19.97830058185862
Shaped Stable,4,5,425,19.036795632647202
Shaped Stable,4,5,426,19.097875781884397
Shaped Stable,4,5,427,19.39869176164644
Shaped Stable,4,5,428,19.464526668909652
Shaped Stable,4,5,429,19.24284139711967
Shaped Stable,4,5,430,18.69916024672166
Shaped Stable,4,5,431,19.62776981057604
Shaped Stable,4,5,432,19.402930956098665
Shaped Stable,4,5,433,19.44500503933274
Shaped Stable,4,5,434,19.433467680901593
Shaped Stable,4,5,435,13.399913224064866
Shaped Stable,4,5,436,17.410424731459944
Shaped Stable,4,5,437,17.627708477882134
Shaped Stable,4,5,438,17.846005609412032
Shaped Stable,4,5,439,18.035569341733066
Shaped Stable,4,5,440,18.174677854111334
Shaped Stable,4,5,441,18.334892235797298
Shaped Stable,4,5,442,18.684289848982317
Shaped Stable,4,5,443,18.597272761943998
Shaped Stable,4,5,444,18.692927901405472
Shaped Stable,4,5,445,11.412357802475698
Shaped Stable,4,5,446,6.675108037016649
Shaped Stable,4,5,447,12.625314582787432
Shaped Stable,4,5,448,13.805812435773406
Shaped Stable,4,5,449,14.219186321588397
Shaped Stable,4,5,450,15.014030623566509
Shaped Stable,4,5,451,7.067799941006585
Shaped Stable,4,5,452,13.303925329289822
Shaped Stable,4,5,453,13.907335686177884
Shaped Stable,4,5,454,14.634074726648238
Shaped Stable,4,5,455,14.50342735724127
Shaped Stable,4,5,456,15.577011490174844
Shaped Stable,4,5,457,15.644633543015637
Shaped Stable,4,5,458,16.61900801966364
Shaped Stable,4,5,459,16.751281926899267
Shaped Stable,4,5,460,17.207778550618496
Shaped Stable,4,5,461,17.314914396221155
Shaped Stable,4,5,462,5.5829158898070315
Shaped Stable,4,5,463,13.31655897534788
Shaped Stable,4,5,464,14.314674933765998
Shaped Stable,4,5,465,15.007154136520208
Shaped Stable,4,5,466,15.47998375995395
Shaped Stable,4,5,467,15.903725768211345
Shaped Stable,4,5,468,15.91525987022577
Shaped Stable,4,5,469,18.719559760135486
Shaped Stable,4,5,470,16.834257790843225
Shaped Stable,4,5,471,6.76986885901952
Shaped Stable,4,5,472,13.762468296161545
Shaped Stable,4,5,473,14.660298757136898
Shaped Stable,4,5,474,14.872710417206763
Shaped Stable,4,5,475,15.687365422214748
Shaped Stable,4,5,476,16.144174598306087
Shaped Stable,4,5,477,11.519702095254987
Shaped Stable,4,5,478,16.601591701076877
Shaped Stable,4,5,479,17.2658727223943
Shaped Stable,4,5,480,17.654626061353646
Shaped Stable,4,5,481,17.785926901032433
Shaped Stable,4,5,482,17.609126552478802
Shaped Stable,4,5,483,12.715165474505246
Shaped Stable,4,5,484,16.54065093790236
Shaped Stable,4,5,485,16.6725429050169
Shaped Stable,4,5,486,16.588716757376993
Shaped Stable,4,5,487,17.504173225557672
Shaped Stable,4,5,488,17.508172002079675
Shaped Stable,4,5,489,17.81404649175164
Shaped Stable,4,5,490,17.657450978702972
Shaped Stable,4,5,491,12.816194033709634
Shaped Stable,4,5,492,18.595853770011576
Shaped Stable,4,5,493,18.808694487433122
Shaped Stable,4,5,494,18.564555977536063
Shaped Stable,4,5,495,13.850848214137361
Shaped Stable,4,5,496,19.014349086870798
Shaped Stable,4,5,497,19.04151786099888
Shaped Stable,4,5,498,19.140075147165227
Shaped Stable,4,5,499,19.55700406746935
Shaped Stable,4,5,500,19.44627787958254
Shaped Stable,4,5,501,19.237824584271433
Shaped Stable,4,5,502,18.65368721930061
Shaped Stable,4,5,503,19.34555874424278
Shaped Stable,4,5,504,19.390030489743378
Shaped Stable,4,5,505,19.597084494168335
Shaped Stable,4,5,506,11.617686685058317
Shaped Stable,4,5,507,13.45250384496231
Shaped Stable,4,5,508,11.055944197608637
Shaped Stable,4,5,509,16.02356836968388
Shaped Stable,4,5,510,16.41796949957772
Shaped Stable,4,5,511,16.097706567232386
Shaped Stable,4,5,512,17.07583594659825
Shaped Stable,4,5,513,17.067020169782005
Shaped Stable,4,5,514,17.60414701186694
Shaped Stable,4,5,515,17.693835678056725
Shaped Stable,4,5,516,17.3066876110783
Shaped Stable,4,5,517,20.494715096202224
Shaped Stable,4,5,518,18.470514006100373
Shaped Stable,4,5,519,18.078652398534967
Shaped Stable,4,5,520,18.513394714761137
Shaped Stable,4,5,521,18.629014828439864
Shaped Stable,4,5,522,18.76491263935346
Shaped Stable,4,5,523,13.472876587590186
Shaped Stable,4,5,524,18.75274339959334
Shaped Stable,4,5,525,11.060000648657951
Shaped Stable,4,5,526,16.46804668567742
Shaped Stable,4,5,527,16.915049052015817
Shaped Stable,4,5,528,18.771839015268014
Shaped Stable,4,5,529,5.681499937911122
Shaped Stable,4,5,530,12.624704354661741
Shaped Stable,4,5,531,13.714972264476396
Shaped Stable,4,5,532,14.8869092292491
Shaped Stable,4,5,533,14.442963876238467
Shaped Stable,4,5,534,15.05917512858074
Shaped Stable,4,5,535,15.26910030293497
Shaped Stable,4,5,536,15.96658950603158
Shaped Stable,4,5,537,16.071912837278806
Shaped Stable,4,5,538,16.97067573169784
Shaped Stable,4,5,539,15.760217664539548
Shaped Stable,4,5,540,15.364924918208
Shaped Stable,4,5,541,16.34454450258341
Shaped Stable,4,5,542,16.6776343669
Shaped Stable,4,5,543,17.163953249406198
Shaped Stable,4,5,544,16.925452860672294
Shaped Stable,4,5,545,17.59595682510989
Shaped Stable,4,5,546,17.80628570167068
Shaped Stable,4,5,547,10.197983953244313
Shaped Stable,4,5,548,14.505879934337502
Shaped Stable,4,5,549,15.055914452869407
Shaped Stable,4,5,550,12.375416558735585
Shaped Stable,4,5,551,10.023871636199601
Shaped Stable,4,5,552,13.7349313613102
Shaped Stable,4,5,553,14.454861960872169
Shaped Stable,4,5,554,14.700216738422531
Shaped Stable,4,5,555,11.5915696437274
Shaped Stable,4,5,556,13.817711597810995
Shaped Stable,4,5,557,14.349163843167755
Shaped Stable,4,5,558,15.412090172035045
Shaped Stable,4,5,559,15.352115691862858
Shaped Stable,4,5,560,16.31562738390147
Shaped Stable,4,5,561,16.22483053383732
Shaped Stable,4,5,562,16.97121913492574
Shaped Stable,4,5,563,17.012226434230904
Shaped Stable,4,5,564,17.636583437163438
Shaped Stable,4,5,565,14.434336006151804
Shaped Stable,4,5,566,15.696040606433789
Shaped Stable,4,5,567,15.4197192642559
Shaped Stable,4,5,568,16.054613489613963
Shaped Stable,4,5,569,16.77186936672785
Shaped Stable,4,5,570,16.851508270694495
Shaped Stable,4,5,571,17.33947897025979
Shaped Stable,4,5,572,17.470778523958884
Shaped Stable,4,5,573,17.9226863780364
Shaped Stable,4,5,574,13.753551631040779
Shaped Stable,4,5,575,15.86460143699366
Shaped Stable,4,5,576,16.320122034335903
Shaped Stable,4,5,577,16.56911523167074
Shaped Stable,4,5,578,16.25889027165007
Shaped Stable,4,5,579,17.217031163699872
Shaped Stable,4,5,580,17.705779121497105
Shaped Stable,4,5,581,17.90062085915508
Shaped Stable,4,5,582,18.113947285738934
Shaped Stable,4,5,583,12.674614961987935
Shaped Stable,4,5,584,18.38655443813399
Shaped Stable,4,5,585,18.662487290641273
Shaped Stable,4,5,586,18.65240877915212
Shaped Stable,4,5,587,18.63361559111938
Shaped Stable,4,5,588,18.828036767850442
Shaped Stable,4,5,589,13.252499905506662
Shaped Stable,4,5,590,19.11607374856818
Shaped Stable,4,5,591,18.979560433238856
Shaped Stable,4,5,592,19.444675153371733
Shaped Stable,4,5,593,19.491855312603175
Shaped Stable,4,5,594,18.521100397567114
Shaped Stable,4,5,595,19.40601735766222
Shaped Stable,4,5,596,19.405463513929774
Shaped Stable,4,5,597,19.66180698093919
Shaped Stable,4,5,598,19.691180528151772
Shaped Stable,4,5,599,19.49270774010586
Shaped Stable,4,5,600,19.19554885392
Shaped Stable,4,5,601,19.498224382832564
Shaped Stable,4,5,602,14.258766563063435
Shaped Stable,4,5,603,16.255864846544103
Shaped Stable,4,5,604,16.605885629878603
Shaped Stable,4,5,605,16.85060556948471
Shaped Stable,4,5,606,17.692156454378384
Shaped Stable,4,5,607,15.418158472544913
Shaped Stable,4,5,608,16.573301538509295
Shaped Stable,4,5,609,16.86774250809375
Shaped Stable,4,5,610,16.6101427778206
Shaped Stable,4,5,611,17.646567909345706
Shaped Stable,4,5,612,17.834721807923152
Shaped Stable,4,5,613,17.925126486340694
Shaped Stable,4,5,614,18.264214155072473
Shaped Stable,4,5,615,18.419704277527785
Shaped Stable,4,5,616,18.68200835678789
Shaped Stable,4,5,617,18.586197831029597
Shaped Stable,4,5,618,18.68440945847431
Shaped Stable,4,5,619,19.79665354727024
Shaped Stable,4,5,620,13.149025894835752
Shaped Stable,4,5,621,19.007604437025098
Shaped Stable,4,5,622,15.697078375847244
Shaped Stable,4,5,623,16.430361682239727
Shaped Stable,4,5,624,12.26770235103383
Shaped Stable,4,5,625,4.1121939181678995
Shaped Stable,4,5,626,13.397445139313833
Shaped Stable,4,5,627,13.998426346141112
Shaped Stable,4,5,628,14.43424131524134
Shaped Stable,4,5,629,14.948554265936828
Shaped Stable,4,5,630,15.272945504708899
Shaped Stable,4,5,631,16.051405598262672
Shaped Stable,4,5,632,16.501936941403176
Shaped Stable,4,5,633,2.539154145154999
Shaped Stable,4,5,634,12.191046179624893
Shaped Stable,4,5,635,12.985468000587142
Shaped Stable,4,5,636,13.523368852102003
Shaped Stable,4,5,637,14.377373394652466
Shaped Stable,4,5,638,14.83691815012264
Shaped Stable,4,5,639,15.363448337147691
Shaped Stable,4,5,640,15.811305146716204
Shaped Stable,4,5,641,16.15839758595161
Shaped Stable,4,5,642,16.17963300382362
Shaped Stable,4,5,643,16.886819835053085
Shaped Stable,4,5,644,17.180148203656607
Shaped Stable,4,5,645,17.631079462123697
Shaped Stable,4,5,646,17.406789722972928
Shaped Stable,4,5,647,18.0693191557565
Shaped Stable,4,5,648,18.090704220012377
Shaped Stable,4,5,649,18.418959017290337
Shaped Stable,4,5,650,17.711680151754482
Shaped Stable,4,5,651,18.825189109394714
Shaped Stable,4,5,652,19.058792037740304
Shaped Stable,4,5,653,18.784784484414526
Shaped Stable,4,5,654,19.098274624550385
Shaped Stable,4,5,655,19.129869788426465
Shaped Stable,4,5,656,18.90617565814389
Shaped Stable,4,5,657,13.623221375493266
Shaped Stable,4,5,658,16.287369891769195
Shaped Stable,4,5,659,16.621180284809856
Shaped Stable,4,5,660,16.8269783841439
Shaped Stable,4,5,661,17.43821568383476
Shaped Stable,4,5,662,17.3075263945009
Shaped Stable,4,5,663,17.671376330363753
Shaped Stable,4,5,664,17.776620118111502
Shaped Stable,4,5,665,18.099168866489137
Shaped Stable,4,5,666,18.09376710187491
Shaped Stable,4,5,667,18.089164267827705
Shaped Stable,4,5,668,18.219898329142413
Shaped Stable,4,5,669,18.668219266322648
Shaped Stable,4,5,670,18.62643219684975
Shaped Stable,4,5,671,13.369612104068915
Shaped Stable,4,5,672,19.088930254686417
Shaped Stable,4,5,673,18.68788553861375
Shaped Stable,4,5,674,19.474097363023336
Shaped Stable,4,5,675,19.52084972688995
Shaped Stable,4,5,676,19.74986491824095
Shaped Stable,4,5,677,19.49947497867616
Shaped Stable,4,5,678,19.101953192350457
Shaped Stable,4,5,679,19.26463463733554
Shaped Stable,4,5,680,19.437949740923663
Shaped Stable,4,5,681,13.991413537075298
Shaped Stable,4,5,682,16.447184883238382
Shaped Stable,4,5,683,16.911027202013894
Shaped Stable,4,5,684,17.185106845249603
Shaped Stable,4,5,685,17.31478184828592
Shaped Stable,4,5,686,17.765650946667563
Shaped Stable,4,5,687,17.660429499585096
Shaped Stable,4,5,688,17.797391669479328
Shaped Stable,4,5,689,18.35446772675152
Shaped Stable,4,5,690,18.66681767175505
Shaped Stable,4,5,691,18.1020447077256
Shaped Stable,4,5,692,18.810066726455485
Shaped Stable,4,5,693,19.39909155269098
Shaped Stable,4,5,694,17.71019424804174
Shaped Stable,4,5,695,17.602305489573293
Shaped Stable,4,5,696,7.8463493356261385
Shaped Stable,4,5,697,14.579277507627708
Shaped Stable,4,5,698,15.914891226887296
Shaped Stable,4,5,699,15.138407688534928
Shaped Stable,4,5,700,15.568431465836188
Shaped Stable,4,5,701,7.236858593520456
Shaped Stable,4,5,702,13.438066698426377
Shaped Stable,4,5,703,14.260966196853328
Shaped Stable,4,5,704,14.691416555038
Shaped Stable,4,5,705,15.163197223921635
Shaped Stable,4,5,706,15.665839225327648
Shaped Stable,4,5,707,15.910693926731621
Shaped Stable,4,5,708,16.57231540123933
Shaped Stable,4,5,709,16.67671860829452
Shaped Stable,4,5,710,17.29678201024942
Shaped Stable,4,5,711,17.583785280742827
Shaped Stable,4,5,712,17.48941252320279
Shaped Stable,4,5,713,17.789581139071743
Shaped Stable,4,5,714,17.999759795920685
Shaped Stable,4,5,715,9.358791678185222
Shaped Stable,4,5,716,15.50429039107407
Shaped Stable,4,5,717,15.767214953308997
Shaped Stable,4,5,718,14.010546931765132
Shaped Stable,4,5,719,15.25841705888973
Shaped Stable,4,5,720,15.552510441490007
Shaped Stable,4,5,721,11.321644460544029
Shaped Stable,4,5,722,16.305471005567878
Shaped Stable,4,5,723,16.633178753991167
Shaped Stable,4,5,724,17.280740962096104
Shaped Stable,4,5,725,17.012309372950714
Shaped Stable,4,5,726,17.13406784727643
Shaped Stable,4,5,727,17.505267761721765
Shaped Stable,4,5,728,17.970529234503825
Shaped Stable,4,5,729,17.902682598583066
Shaped Stable,4,5,730,16.627712081437185
Shaped Stable,4,5,731,17.275027280221067
Shaped Stable,4,5,732,17.800870127262094
Shaped Stable,4,5,733,17.99275273142302
Shaped Stable,4,5,734,18.15938173591994
Shaped Stable,4,5,735,18.16298455527239
Shaped Stable,4,5,736,18.814811112318868
Shaped Stable,4,5,737,13.132562584317013
Shaped Stable,4,5,738,18.976374726922916
Shaped Stable,4,5,739,18.90515789141501
Shaped Stable,4,5,740,19.236030779637126
Shaped Stable,4,5,741,18.323223517194986
Shaped Stable,4,5,742,18.996855747241156
Shaped Stable,4,5,743,19.464987277348847
Shaped Stable,4,5,744,19.236115173481384
Shaped Stable,4,5,745,19.276216177762276
Shaped Stable,4,5,746,19.394457291449513
Shaped Stable,4,5,747,19.21561312924567
Shaped Stable,4,5,748,19.428925329485747
Shaped Stable,4,5,749,19.138608981234835
Shaped Stable,4,5,750,17.465644415099707
Shaped Stable,4,5,751,17.39586244183343
Shaped Stable,4,5,752,17.76655744032223
Shaped Stable,4,5,753,17.825799389200068
Shaped Stable,4,5,754,18.305062925058852
Shaped Stable,4,5,755,18.458047763025093
Shaped Stable,4,5,756,18.690465368610575
Shaped Stable,4,5,757,18.630423075238312
Shaped Stable,4,5,758,18.716211956669156
Shaped Stable,4,5,759,19.177707167786963
Shaped Stable,4,5,760,19.066020078005288
Shaped Stable,4,5,761,19.018376583200553
Shaped Stable,4,5,762,19.30538547835945
Shaped Stable,4,5,763,19.09553389032961
Shaped Stable,4,5,764,19.130063640792727
Shaped Stable,4,5,765,19.391248962416856
Shaped Stable,4,5,766,19.531685269389243
Shaped Stable,4,5,767,13.574779141914137
Shaped Stable,4,5,768,19.564147516660313
Shaped Stable,4,5,769,19.5307066593705
Shaped Stable,4,5,770,20.03942134346896
Shaped Stable,4,5,771,19.528569460062062
Shaped Stable,4,5,772,16.180380578965227
Shaped Stable,4,5,773,17.18899101335698
Shaped Stable,4,5,774,17.44570292950902
Shaped Stable,4,5,775,17.668236110197164
Shaped Stable,4,5,776,18.064734989249487
Shaped Stable,4,5,777,18.190080645010426
Shaped Stable,4,5,778,14.7211795839111
Shaped Stable,4,5,779,17.414630615884573
Shaped Stable,4,5,780,17.48024252388684
Shaped Stable,4,5,781,17.668617021775507
Shaped Stable,4,5,782,17.759716947897175
Shaped Stable,4,5,783,18.13057509111906
Shaped Stable,4,5,784,18.486185305327485
Shaped Stable,4,5,785,12.919822987770317
Shaped Stable,4,5,786,9.238398307012304
Shaped Stable,4,5,787,13.809746626783468
Shaped Stable,4,5,788,14.25737019074045
Shaped Stable,4,5,789,14.762193898832853
Shaped Stable,4,5,790,15.498803073566535
Shaped Stable,4,5,791,15.524527042840843
Shaped Stable,4,5,792,16.177913538970063
Shaped Stable,4,5,793,16.29386648109361
Shaped Stable,4,5,794,16.582939253889972
Shaped Stable,4,5,795,17.140974125420055
Shaped Stable,4,5,796,17.426272863378113
Shaped Stable,4,5,797,17.872362602081246
Shaped Stable,4,5,798,6.5096238940698115
Shaped Stable,4,5,799,13.577852727489766
Shaped Stable,4,5,800,14.500986933729903
Shaped Stable,4,5,801,15.030728585027889
Shaped Stable,4,5,802,15.725297377410985
Shaped Stable,4,5,803,16.156633260186936
Shaped Stable,4,5,804,16.311733668803754
Shaped Stable,4,5,805,16.437195361934407
Shaped Stable,4,5,806,17.007261790476594
Shaped Stable,4,5,807,17.132859541075472
Shaped Stable,4,5,808,17.485817115806526
Shaped Stable,4,5,809,17.706686774137836
Shaped Stable,4,5,810,17.165569191961726
Shaped Stable,4,5,811,17.863177753463653
Shaped Stable,4,5,812,18.297266679761837
Shaped Stable,4,5,813,14.064943332153291
Shaped Stable,4,5,814,15.782160257094418
Shaped Stable,4,5,815,16.369303611293947
Shaped Stable,4,5,816,16.70537751816388
Shaped Stable,4,5,817,17.10685689525519
Shaped Stable,4,5,818,15.857093907221556
Shaped Stable,4,5,819,15.83899264273956
Shaped Stable,4,5,820,16.59614978605974
Shaped Stable,4,5,821,16.733623175280254
Shaped Stable,4,5,822,3.652148745717621
Shaped Stable,4,5,823,13.061843951387727
Shaped Stable,4,5,824,13.609649654025297
Shaped Stable,4,5,825,13.878348175116189
Shaped Stable,4,5,826,14.47437411160307
Shaped Stable,4,5,827,15.284136513567217
Shaped Stable,4,5,828,15.764655320535118
Shaped Stable,4,5,829,16.040851224150543
Shaped Stable,4,5,830,16.409799806435103
Shaped Stable,4,5,831,16.44539593822335
Shaped Stable,4,5,832,11.194927139875952
Shaped Stable,4,5,833,14.58362048754271
Shaped Stable,4,5,834,15.095678951425894
Shaped Stable,4,5,835,9.301787872706273
Shaped Stable,4,5,836,14.263454718879286
Shaped Stable,4,5,837,14.41214277915133
Shaped Stable,4,5,838,15.157707877828955
Shaped Stable,4,5,839,15.618208037060361
Shaped Stable,4,5,840,16.180434683928617
Shaped Stable,4,5,841,16.431536249164502
Shaped Stable,4,5,842,16.984433553115597
Shaped Stable,4,5,843,17.413249849891766
Shaped Stable,4,5,844,17.308190254021312
Shaped Stable,4,5,845,17.79603196940528
Shaped Stable,4,5,846,17.789349621572367
Shaped Stable,4,5,847,18.750845099524266
Shaped Stable,4,5,848,18.127594376800435
Shaped Stable,4,5,849,18.28085824640784
Shaped Stable,4,5,850,18.64690561720854
Shaped Stable,4,5,851,18.517293381346384
Shaped Stable,4,5,852,18.76945015840701
Shaped Stable,4,5,853,19.14813697080249
Shaped Stable,4,5,854,13.273697569537685
Shaped Stable,4,5,855,16.740795982221375
Shaped Stable,4,5,856,17.079941457537608
Shaped Stable,4,5,857,17.314114242040038
Shaped Stable,4,5,858,17.450041690861536
Shaped Stable,4,5,859,17.743768937948207
Shaped Stable,4,5,860,17.804728872612287
Shaped Stable,4,5,861,12.491947387206405
Shaped Stable,4,5,862,18.31168729395847
Shaped Stable,4,5,863,18.479203780206944
Shaped Stable,4,5,864,18.593826153975527
Shaped Stable,4,5,865,22.146468357907914
Shaped Stable,4,5,866,18.5170131952706
Shaped Stable,4,5,867,18.618914840073757
Shaped Stable,4,5,868,18.399689734606604
Shaped Stable,4,5,869,18.839082981645838
Shaped Stable,4,5,870,19.0160764405849
Shaped Stable,4,5,871,19.0270493449328
Shaped Stable,4,5,872,16.76925618837217
Shaped Stable,4,5,873,17.745063461649327
Shaped Stable,4,5,874,17.58997677363473
Shaped Stable,4,5,875,18.048755077150442
Shaped Stable,4,5,876,12.45226985851086
Shaped Stable,4,5,877,13.137844054696943
Shaped Stable,4,5,878,18.459561911458483
Shaped Stable,4,5,879,18.71474261224416
Shaped Stable,4,5,880,18.748769892301752
Shaped Stable,4,5,881,18.7156061564217
Shaped Stable,4,5,882,19.196174381815432
Shaped Stable,4,5,883,18.855742816150837
Shaped Stable,4,5,884,19.096696017558862
Shaped Stable,4,5,885,19.52246598473059
Shaped Stable,4,5,886,19.172906413298232
Shaped Stable,4,5,887,19.078828591483113
Shaped Stable,4,5,888,19.31780762706437
Shaped Stable,4,5,889,18.886474973242944
Shaped Stable,4,5,890,19.142074386678757
Shaped Stable,4,5,891,19.567029555957944
Shaped Stable,4,5,892,19.619378317968398
Shaped Stable,4,5,893,19.495632389707044
Shaped Stable,4,5,894,19.542662283900846
Shaped Stable,4,5,895,19.392818082527093
Shaped Stable,4,5,896,19.199880440750185
Shaped Stable,4,5,897,17.95490368857265
Shaped Stable,4,5,898,18.124943551400705
Shaped Stable,4,5,899,18.422389768241647
Shaped Stable,4,5,900,18.537053169195083
Shaped Stable,4,5,901,18.83487680096109
Shaped Stable,4,5,902,18.0540017748323
Shaped Stable,4,5,903,18.802888092995246
Shaped Stable,4,5,904,18.952221261309646
Shaped Stable,4,5,905,18.910007258576567
Shaped Stable,4,5,906,19.09949484264254
Shaped Stable,4,5,907,19.112244055542334
Shaped Stable,4,5,908,19.01227040366974
Shaped Stable,4,5,909,19.10555232949302
Shaped Stable,4,5,910,13.427091914495143
Shaped Stable,4,5,911,19.36413919185532
Shaped Stable,4,5,912,19.258199412743497
Shaped Stable,4,5,913,19.44133015206751
Shaped Stable,4,5,914,19.318545199163317
Shaped Stable,4,5,915,19.49271578291326
Shaped Stable,4,5,916,19.32327930363279
Shaped Stable,4,5,917,19.53487803889457
Shaped Stable,4,5,918,14.032321535246929
Shaped Stable,4,5,919,19.630215564475257
Shaped Stable,4,5,920,19.64536240935676
Shaped Stable,4,5,921,19.65478940091761
Shaped Stable,4,5,922,19.50588613572663
Shaped Stable,4,5,923,19.81258378249642
Shaped Stable,4,5,924,19.69627957223832
Shaped Stable,4,5,925,19.619524139501408
Shaped Stable,4,5,926,19.365855682891826
Shaped Stable,4,5,927,19.67318816994545
Shaped Stable,4,5,928,19.532512380692598
Shaped Stable,4,5,929,19.528311774250625
Shaped Stable,4,5,930,19.664543579692253
Shaped Stable,4,5,931,19.21853244381122
Shaped Stable,4,5,932,20.728188566778222
Shaped Stable,4,5,933,19.811921844482615
Shaped Stable,4,5,934,19.851643622703293
Shaped Stable,4,5,935,16.76106486698434
Shaped Stable,4,5,936,18.5394837994346
Shaped Stable,4,5,937,9.601952319548225
Shaped Stable,4,5,938,15.972118252514063
Shaped Stable,4,5,939,15.52026430171717
Shaped Stable,4,5,940,16.04291421336531
Shaped Stable,4,5,941,8.948599756910808
Shaped Stable,4,5,942,13.715905747954054
Shaped Stable,4,5,943,14.37217064826873
Shaped Stable,4,5,944,14.872964284379794
Shaped Stable,4,5,945,3.9566276440726096
Shaped Stable,4,5,946,12.003726266669783
Shaped Stable,4,5,947,12.771332304389404
Shaped Stable,4,5,948,13.484784292150335
Shaped Stable,4,5,949,14.119206856827578
Shaped Stable,4,5,950,14.752249603707202
Shaped Stable,4,5,951,14.878149613316069
Shaped Stable,4,5,952,15.89962513041725
Shaped Stable,4,5,953,16.440562657465627
Shaped Stable,4,5,954,16.65892217093867
Shaped Stable,4,5,955,16.995528583227223
Shaped Stable,4,5,956,17.18442556942351
Shaped Stable,4,5,957,17.598794778563697
Shaped Stable,4,5,958,17.700018447048894
Shaped Stable,4,5,959,12.846799570291754
Shaped Stable,4,5,960,18.05815271404713
Shaped Stable,4,5,961,18.58010716524878
Shaped Stable,4,5,962,18.509601614996882
Shaped Stable,4,5,963,18.82636933111875
Shaped Stable,4,5,964,18.399053109868255
Shaped Stable,4,5,965,18.912059146401123
Shaped Stable,4,5,966,19.08489161109328
Shaped Stable,4,5,967,19.056867081798547
Shaped Stable,4,5,968,19.109654170180434
Shaped Stable,4,5,969,19.12869690613065
Shaped Stable,4,5,970,19.060422091174562
Shaped Stable,4,5,971,19.39673500263259
Shaped Stable,4,5,972,19.51067930025059
Shaped Stable,4,5,973,19.204225571443846
Shaped Stable,4,5,974,19.592920037106293
Shaped Stable,4,5,975,19.480066034280437
Shaped Stable,4,5,976,19.744605096169252
Shaped Stable,4,5,977,19.53048580040402
Shaped Stable,4,5,978,19.518887475622297
Shaped Stable,4,5,979,19.51929434842486
Shaped Stable,4,5,980,18.774908159162965
Shaped Stable,4,5,981,19.990849355653
Shaped Stable,4,5,982,19.828712024570837
Shaped Stable,4,5,983,19.590824181738085
Shaped Stable,4,5,984,19.58007681235898
Shaped Stable,4,5,985,19.8446092355154
Shaped Stable,4,5,986,19.617921767775098
Shaped Stable,4,5,987,19.86273616867129
Shaped Stable,4,5,988,19.624878561705508
Shaped Stable,4,5,989,19.86368533230157
Shaped Stable,4,5,990,19.0265463706472
Shaped Stable,4,5,991,19.63199944921842
Shaped Stable,4,5,992,19.48190828543759
Shaped Stable,4,5,993,20.020167864945403
Shaped Stable,4,5,994,19.841743366509462
Shaped Stable,4,5,995,19.622135201669153
Shaped Stable,4,5,996,19.02963545566154
Shaped Stable,4,5,997,19.9231861070197
Shaped Stable,4,5,998,19.627043917525384
Shaped Stable,4,5,999,19.895225512321492
